ID_User,Jumlah_Penghuni,Luas_Rumah_m2,Label_SKEM_AC,Punya_Water_Heater,Watt_AC,Watt_Kulkas,Jam_AC_Harian,Jam_TV_PC_Harian,Jam_Cuci_Harian,Jam_Lampu_Harian,Jam_WaterHeater_Harian,Frekuensi_Cuci_Mingguan,kWh_AC,kWh_Kulkas,kWh_TV_PC,kWh_MesinCuci,kWh_Lampu,kWh_WaterHeater,Estimasi_Sistem_kWh,Meteran_Riil_kWh,Selisih_Persen,IKE_kWh_per_m2,Label_IKE_SNI,Emisi_CO2_kg,Tarif_kWh_Rp,Biaya_Pemakaian_Rp,PPJ_Rp,Biaya_Beban_Rp,Total_Tagihan_Rp,Tagihan_per_Penghuni_Rp,Status_Anomali_RuleBased,Label_Ground_Truth,Skor_Efisiensi,Rekomendasi_Utama
USR-0001,1,85.7,Tidak_Ada,0,0,149,0.0,3.6,0.86,7.2,0.0,4,0.0,106.92,15.56,10.29,8.63,0.0,141.39,136.63,3.36,1.65,Sangat Hemat,123.01,1699.53,232212,6966,47500,286678,286678,Tidak,Normal,68.2,Pertahankan pola pemakaian
USR-0002,2,68.6,Bintang_4,0,413,133,5.6,4.7,1.93,7.8,0.0,9,69.33,95.65,18.94,23.14,18.63,0.0,225.69,215.75,4.4,3.29,Sangat Hemat,196.35,1699.53,366675,11000,47500,425175,212588,Tidak,Normal,74.7,Pertahankan pola pemakaian
USR-0003,4,90.3,Bintang_1,0,843,140,10.7,3.3,0.43,5.9,0.0,2,270.67,100.77,12.7,5.14,28.18,0.0,417.45,408.43,2.16,4.62,Sangat Hemat,363.19,1699.53,694142,20824,47500,762466,190616,Tidak,Normal,76.6,Pertahankan pola pemakaian
USR-0004,4,122.7,Bintang_1,0,897,130,10.3,8.4,0.21,6.0,0.0,1,277.21,93.5,31.14,2.57,29.0,0.0,433.42,418.87,3.36,3.53,Sangat Hemat,377.08,1699.53,711889,21357,47500,780745,195186,Tidak,Normal,75.7,Pertahankan pola pemakaian
USR-0005,7,66.3,Bintang_4,1,394,149,6.4,2.2,1.29,8.2,0.35,6,75.28,107.26,8.79,15.43,68.98,3.67,279.41,287.77,2.99,4.21,Sangat Hemat,243.08,1699.53,489074,14672,47500,551246,78749,Tidak,Normal,91.0,Pertahankan pola pemakaian
USR-0006,1,66.3,Bintang_4,0,450,145,10.1,3.7,0.43,7.1,0.0,2,136.13,104.44,14.53,5.14,8.56,0.0,268.81,257.05,4.37,4.05,Sangat Hemat,233.87,1699.53,436872,13106,47500,497478,497478,Tidak,Normal,39.6,Pertahankan pola pemakaian
USR-0007,4,125.1,Bintang_4,0,421,193,6.4,5.9,0.64,5.4,0.0,3,80.82,138.89,24.86,7.71,25.84,0.0,278.12,435.23,56.49,2.22,Sangat Hemat,241.96,1699.53,739695,22191,47500,809386,202346,Ya,Anomal,84.4,Pertahankan pola pemakaian
USR-0008,6,94.2,Bintang_1,0,754,168,8.7,1.9,0.21,5.4,0.0,1,197.22,120.88,8.0,2.57,38.74,0.0,367.42,363.11,1.17,3.9,Sangat Hemat,319.65,1699.53,617115,18513,47500,683129,113855,Tidak,Normal,86.2,Pertahankan pola pemakaian
USR-0009,5,61.1,Bintang_4,0,448,169,7.8,5.0,0.64,7.0,0.0,3,105.37,121.96,25.69,7.71,41.74,0.0,302.47,307.77,1.75,4.95,Sangat Hemat,263.15,1699.53,523069,15692,47500,586261,117252,Tidak,Normal,86.4,Pertahankan pola pemakaian
USR-0010,1,87.1,Bintang_4,0,427,159,5.4,2.7,0.21,5.0,0.0,1,68.71,114.79,13.72,2.57,5.99,0.0,205.78,326.19,58.52,2.36,Sangat Hemat,179.02,1699.53,554372,16631,47500,618503,618503,Ya,Anomal,53.8,Pertahankan pola pemakaian
USR-0011,6,61.2,Bintang_4,1,366,143,6.3,1.3,0.43,7.1,0.88,2,69.7,102.71,4.04,5.14,51.03,9.22,241.85,252.03,4.21,3.95,Sangat Hemat,210.41,1699.53,428331,12850,47500,488681,81447,Tidak,Normal,90.9,Pertahankan pola pemakaian
USR-0012,4,61.2,Tidak_Ada,0,0,144,0.0,1.1,0.86,6.3,0.0,4,0.0,104.03,4.51,10.29,30.4,0.0,149.24,153.23,2.67,2.44,Sangat Hemat,129.84,1699.53,260414,7812,47500,315726,78932,Tidak,Normal,91.6,Pertahankan pola pemakaian
USR-0013,7,78.4,Bintang_1,0,879,146,7.2,2.6,1.29,6.5,0.0,6,191.1,105.35,14.48,15.43,54.75,0.0,381.11,367.4,3.6,4.86,Sangat Hemat,331.57,1699.53,624399,18732,47500,690631,98662,Tidak,Normal,87.8,Pertahankan pola pemakaian
USR-0014,4,36.9,Bintang_1,0,860,154,11.8,4.9,0.43,5.7,0.0,2,305.13,110.71,23.47,5.14,27.57,0.0,472.02,458.75,2.81,12.81,Sangat Hemat,410.66,1699.53,779658,23390,47500,850548,212637,Tidak,Normal,73.5,Pertahankan pola pemakaian
USR-0015,5,39.4,Bintang_1,0,852,158,6.2,0.8,0.43,5.4,0.0,2,158.04,113.6,3.75,5.14,32.22,0.0,312.76,317.26,1.44,7.94,Sangat Hemat,272.1,1699.53,539196,16176,47500,602872,120574,Tidak,Normal,86.0,Pertahankan pola pemakaian
USR-0016,6,59.1,Bintang_1,1,836,150,5.6,3.1,0.43,7.5,0.53,2,140.19,108.01,14.45,5.14,53.73,5.53,327.06,340.85,4.22,5.53,Sangat Hemat,284.54,1699.53,579281,17378,47500,644160,107360,Tidak,Normal,87.8,Pertahankan pola pemakaian
USR-0017,4,50.5,Bintang_4,0,399,144,6.2,4.6,0.86,5.8,0.0,4,74.44,103.82,19.8,10.29,27.62,0.0,235.96,234.68,0.54,4.67,Sangat Hemat,205.28,1699.53,398846,11965,47500,458311,114578,Tidak,Normal,86.8,Pertahankan pola pemakaian
USR-0018,5,80.4,Tidak_Ada,1,0,138,0.0,1.3,0.64,5.6,0.27,3,0.0,99.44,5.64,7.71,33.53,2.85,149.17,148.96,0.14,1.86,Sangat Hemat,129.78,1699.53,253162,7595,47500,308257,61651,Tidak,Normal,93.3,Pertahankan pola pemakaian
USR-0019,1,52.4,Tidak_Ada,0,0,122,0.0,1.9,1.29,5.9,0.0,6,0.0,87.95,7.69,15.43,7.1,0.0,118.16,115.07,2.62,2.26,Sangat Hemat,102.8,1699.53,195559,5867,47500,248926,248926,Tidak,Normal,73.5,Pertahankan pola pemakaian
USR-0020,4,43.9,Bintang_4,0,421,176,6.7,3.8,0.64,6.2,0.0,3,84.64,126.48,20.2,7.71,29.73,0.0,268.75,265.61,1.17,6.12,Sangat Hemat,233.81,1699.53,451410,13542,47500,512452,128113,Tidak,Normal,84.9,Pertahankan pola pemakaian
USR-0021,3,120.3,Bintang_1,0,847,194,10.9,4.5,0.43,5.0,0.0,2,277.56,139.76,18.75,5.14,17.89,0.0,459.1,449.28,2.14,3.82,Sangat Hemat,399.42,1699.53,763557,22907,47500,833964,277988,Tidak,Normal,65.6,Pertahankan pola pemakaian
USR-0022,1,66.5,Bintang_4,0,376,174,4.8,7.1,0.43,5.4,0.0,2,54.53,125.27,31.3,5.14,6.52,0.0,222.77,219.44,1.49,3.35,Sangat Hemat,193.81,1699.53,372942,11188,47500,431630,431630,Tidak,Normal,50.0,Pertahankan pola pemakaian
USR-0023,7,73.7,Bintang_1,0,859,125,9.2,1.9,1.07,5.4,0.0,5,237.99,89.87,9.87,12.86,45.21,0.0,395.8,376.82,4.79,5.37,Sangat Hemat,344.34,1699.53,640424,19213,47500,707136,101019,Tidak,Normal,87.3,Pertahankan pola pemakaian
USR-0024,2,43.7,Bintang_1,0,889,166,4.8,1.7,0.64,6.8,0.0,3,128.09,119.33,7.01,7.71,16.43,0.0,278.57,265.79,4.59,6.37,Sangat Hemat,242.36,1699.53,451711,13551,47500,512763,256381,Tidak,Normal,68.7,Pertahankan pola pemakaian
USR-0025,3,59.5,Tidak_Ada,1,0,170,0.0,7.3,1.5,5.1,0.53,7,0.0,122.74,32.51,18.0,18.41,5.53,197.19,200.75,1.81,3.31,Sangat Hemat,171.55,1699.53,341183,10236,47500,398919,132973,Tidak,Normal,85.2,Pertahankan pola pemakaian
USR-0026,4,74.9,Tidak_Ada,0,0,142,0.0,1.7,0.43,4.2,0.0,2,0.0,102.19,7.22,5.14,20.37,0.0,134.93,137.38,1.82,1.8,Sangat Hemat,117.38,1699.53,233478,7004,47500,287982,71996,Tidak,Normal,92.4,Pertahankan pola pemakaian
USR-0027,3,48.1,Bintang_4,0,416,160,5.0,3.7,0.86,4.0,0.0,4,62.33,115.04,16.29,10.29,14.52,0.0,218.46,214.75,1.7,4.54,Sangat Hemat,190.06,1699.53,364976,10949,47500,423426,141142,Tidak,Normal,83.6,Pertahankan pola pemakaian
USR-0028,7,82.1,Bintang_1,0,916,141,10.5,10.1,0.43,4.5,0.0,2,287.43,101.43,42.39,5.14,38.05,0.0,474.44,492.73,3.85,5.78,Sangat Hemat,412.77,1699.53,837411,25122,47500,910033,130005,Tidak,Normal,84.8,Pertahankan pola pemakaian
USR-0029,1,58.3,Bintang_1,0,906,181,8.9,4.3,0.43,7.4,0.0,2,241.04,130.02,17.16,5.14,8.83,0.0,402.19,392.79,2.34,6.89,Sangat Hemat,349.91,1699.53,667551,20027,47500,735078,735078,Tidak,Normal,9.7,Pertahankan pola pemakaian
USR-0030,4,65.0,Bintang_4,0,385,157,5.0,4.3,0.43,6.0,0.0,2,58.18,113.26,16.8,5.14,28.88,0.0,222.27,219.95,1.04,3.42,Sangat Hemat,193.37,1699.53,373810,11214,47500,432524,108131,Tidak,Normal,87.5,Pertahankan pola pemakaian
USR-0031,7,58.3,Bintang_1,0,795,132,4.1,5.9,0.86,6.5,0.0,4,98.88,94.79,25.43,10.29,54.61,0.0,284.0,290.57,2.31,4.87,Sangat Hemat,247.08,1699.53,493830,14815,47500,556144,79449,Tidak,Normal,90.9,Pertahankan pola pemakaian
USR-0032,4,137.7,Bintang_4,1,389,163,6.6,3.7,0.64,6.5,0.48,3,77.31,117.65,20.17,7.71,31.38,5.09,259.3,265.62,2.44,1.88,Sangat Hemat,225.59,1699.53,451429,13543,47500,512472,128118,Tidak,Normal,85.4,Pertahankan pola pemakaian
USR-0033,6,71.7,Bintang_4,0,466,171,7.3,4.4,1.29,6.1,0.0,6,102.71,123.25,22.08,15.43,43.6,0.0,307.07,318.16,3.61,4.28,Sangat Hemat,267.15,1699.53,540715,16221,47500,604437,100739,Tidak,Normal,88.5,Pertahankan pola pemakaian
USR-0034,3,49.7,Bintang_4,0,338,154,9.7,2.2,0.86,5.9,0.0,4,98.63,110.85,6.81,10.29,21.33,0.0,247.92,236.24,4.71,4.99,Sangat Hemat,215.69,1699.53,401501,12045,47500,461046,153682,Tidak,Normal,81.4,Pertahankan pola pemakaian
USR-0035,8,96.0,Bintang_4,0,354,160,6.6,5.5,0.43,7.0,0.0,2,69.55,114.9,22.43,5.14,67.63,0.0,279.65,270.81,3.16,2.91,Sangat Hemat,243.3,1699.53,460245,13807,47500,521553,65194,Tidak,Normal,92.1,Pertahankan pola pemakaian
USR-0036,6,47.0,Bintang_4,1,440,149,8.0,3.5,0.43,6.1,0.47,2,104.89,107.0,13.68,5.14,44.25,4.89,279.85,283.79,1.41,5.96,Sangat Hemat,243.47,1699.53,482302,14469,47500,544271,90712,Tidak,Normal,89.5,Pertahankan pola pemakaian
USR-0037,1,77.5,Bintang_4,0,447,127,7.0,1.1,0.86,7.4,0.0,4,94.49,91.67,3.46,10.29,8.88,0.0,208.79,205.41,1.62,2.7,Sangat Hemat,181.65,1699.53,349100,10473,47500,407073,407073,Tidak,Normal,53.1,Pertahankan pola pemakaian
USR-0038,4,36.3,Bintang_4,1,374,147,11.1,3.1,1.07,6.6,0.63,5,125.07,105.82,14.93,12.86,31.78,6.66,297.11,283.55,4.56,8.19,Sangat Hemat,258.49,1699.53,481906,14457,47500,543863,135966,Tidak,Normal,83.3,Pertahankan pola pemakaian
USR-0039,3,45.2,Bintang_4,0,402,160,2.5,0.7,0.21,5.4,0.0,1,29.84,115.53,3.26,2.57,19.38,0.0,170.58,172.05,0.86,3.77,Sangat Hemat,148.4,1699.53,292410,8772,47500,348683,116228,Tidak,Normal,87.2,Pertahankan pola pemakaian
USR-0040,3,77.1,Bintang_1,1,869,147,8.6,4.2,0.21,5.5,0.46,1,223.44,106.16,26.37,2.57,19.81,4.84,383.18,379.08,1.07,4.97,Sangat Hemat,333.36,1699.53,644259,19328,47500,711087,237029,Tidak,Normal,71.3,Pertahankan pola pemakaian
USR-0041,5,93.2,Bintang_4,0,393,166,8.0,2.4,0.86,5.3,0.0,4,94.12,119.53,9.92,10.29,31.64,0.0,265.5,261.89,1.36,2.85,Sangat Hemat,230.98,1699.53,445092,13353,47500,505944,101189,Tidak,Normal,88.1,Pertahankan pola pemakaian
USR-0042,4,76.5,Bintang_4,1,404,142,5.9,8.5,0.64,7.2,0.28,3,71.24,102.35,32.42,7.71,34.64,2.9,251.27,245.35,2.36,3.29,Sangat Hemat,218.61,1699.53,416982,12509,47500,476992,119248,Tidak,Normal,85.9,Pertahankan pola pemakaian
USR-0043,5,69.1,Bintang_4,0,400,143,7.8,3.6,0.64,5.6,0.0,3,94.27,103.3,13.54,7.71,33.57,0.0,252.39,239.92,4.94,3.65,Sangat Hemat,219.58,1699.53,407758,12233,47500,467491,93498,Tidak,Normal,88.7,Pertahankan pola pemakaian
USR-0044,1,64.8,Bintang_4,0,356,167,6.9,4.7,0.43,5.2,0.0,2,73.71,119.97,19.37,5.14,6.24,0.0,224.43,217.3,3.18,3.46,Sangat Hemat,195.26,1699.53,369314,11079,47500,427893,427893,Tidak,Normal,49.6,Pertahankan pola pemakaian
USR-0045,4,42.9,Tidak_Ada,1,0,154,0.0,1.4,0.86,6.3,0.26,4,0.0,111.19,7.29,10.29,30.33,2.77,161.88,161.46,0.26,3.77,Sangat Hemat,140.83,1699.53,274404,8232,47500,330136,82534,Tidak,Normal,90.9,Pertahankan pola pemakaian
USR-0046,3,56.0,Bintang_1,1,891,142,4.9,4.1,0.86,5.9,0.53,4,131.33,102.07,21.05,10.29,21.25,5.53,291.51,284.98,2.24,5.21,Sangat Hemat,253.62,1699.53,484327,14530,47500,546357,182119,Tidak,Normal,78.2,Pertahankan pola pemakaian
USR-0047,3,61.3,Bintang_4,1,403,171,7.3,1.9,0.86,6.3,0.94,4,87.78,122.89,13.2,10.29,22.66,9.89,266.71,276.69,3.74,4.35,Sangat Hemat,232.04,1699.53,470248,14107,47500,531856,177285,Tidak,Normal,80.0,Pertahankan pola pemakaian
USR-0048,5,104.2,Bintang_4,0,348,136,7.7,5.2,0.43,7.9,0.0,2,80.4,98.08,17.85,5.14,47.34,0.0,248.82,239.93,3.57,2.39,Sangat Hemat,216.47,1699.53,407772,12233,47500,467506,93501,Tidak,Normal,88.8,Pertahankan pola pemakaian
USR-0049,2,81.2,Bintang_4,0,423,135,7.2,1.4,1.07,6.9,0.0,5,91.25,97.53,6.36,12.86,16.59,0.0,224.6,233.03,3.75,2.77,Sangat Hemat,195.4,1699.53,396034,11881,47500,455416,227708,Tidak,Normal,74.8,Pertahankan pola pemakaian
USR-0050,3,38.8,Tidak_Ada,0,0,93,0.0,2.9,1.29,6.0,0.0,6,0.0,67.26,11.28,15.43,21.7,0.0,115.66,114.56,0.95,2.98,Sangat Hemat,100.62,1699.53,194695,5841,47500,248036,82679,Tidak,Normal,91.3,Pertahankan pola pemakaian
USR-0051,6,80.6,Bintang_1,0,821,139,9.7,1.4,0.21,4.6,0.0,1,238.26,100.02,6.53,2.57,33.06,0.0,380.45,371.92,2.24,4.72,Sangat Hemat,330.99,1699.53,632096,18963,47500,698559,116427,Tidak,Normal,85.8,Pertahankan pola pemakaian
USR-0052,6,62.9,Bintang_4,1,454,176,4.5,2.9,0.86,5.5,0.58,4,61.02,126.85,16.84,10.29,39.6,6.05,260.64,255.54,1.96,4.14,Sangat Hemat,226.76,1699.53,434296,13029,47500,494825,82471,Tidak,Normal,90.2,Pertahankan pola pemakaian
USR-0053,5,56.8,Bintang_1,0,790,109,11.7,9.1,0.86,6.7,0.0,4,276.93,78.16,48.26,10.29,40.27,0.0,453.91,446.19,1.7,7.99,Sangat Hemat,394.9,1699.53,758319,22750,47500,828568,165714,Tidak,Normal,79.6,Pertahankan pola pemakaian
USR-0054,5,89.2,Bintang_1,0,818,131,7.4,4.2,0.86,4.8,0.0,4,182.0,94.29,14.3,10.29,28.97,0.0,329.85,330.07,0.07,3.7,Sangat Hemat,286.97,1699.53,560965,16829,47500,625294,125059,Tidak,Normal,85.2,Pertahankan pola pemakaian
USR-0055,5,103.3,Tidak_Ada,0,0,159,0.0,2.7,1.29,8.1,0.0,6,0.0,114.32,13.64,15.43,48.85,0.0,192.23,189.43,1.46,1.86,Sangat Hemat,167.24,1699.53,321935,9658,47500,379093,75819,Tidak,Normal,91.4,Pertahankan pola pemakaian
USR-0056,2,99.7,Bintang_1,0,833,105,8.5,0.6,0.64,6.0,0.0,3,213.68,75.67,1.61,7.71,14.43,0.0,313.12,317.73,1.47,3.14,Sangat Hemat,272.41,1699.53,539985,16200,47500,603684,301842,Tidak,Normal,64.8,Pertahankan pola pemakaian
USR-0057,5,53.7,Bintang_4,0,420,140,3.3,2.0,0.64,6.0,0.0,3,41.51,100.65,4.65,7.71,36.29,0.0,190.81,189.39,0.75,3.56,Sangat Hemat,166.01,1699.53,321869,9656,47500,379025,75805,Tidak,Normal,91.4,Pertahankan pola pemakaian
USR-0058,5,64.6,Tidak_Ada,0,0,173,0.0,3.6,1.07,5.3,0.0,5,0.0,124.43,15.45,12.86,32.0,0.0,184.74,187.91,1.72,2.86,Sangat Hemat,160.72,1699.53,319357,9581,47500,376438,75288,Tidak,Normal,91.7,Pertahankan pola pemakaian
USR-0059,4,80.9,Tidak_Ada,0,0,191,0.0,2.0,0.43,6.5,0.0,2,0.0,137.42,10.1,5.14,31.18,0.0,183.85,185.77,1.04,2.27,Sangat Hemat,159.95,1699.53,315720,9472,47500,372692,93173,Tidak,Normal,89.7,Pertahankan pola pemakaian
USR-0060,3,101.3,Bintang_4,1,403,156,7.5,6.4,0.21,4.8,0.56,1,91.01,112.18,30.81,2.57,17.43,5.92,259.92,253.28,2.56,2.57,Sangat Hemat,226.13,1699.53,430453,12914,47500,490866,163622,Tidak,Normal,80.5,Pertahankan pola pemakaian
USR-0061,2,60.9,Bintang_4,0,384,131,9.1,2.8,0.43,8.2,0.0,2,105.31,94.66,17.64,5.14,19.6,0.0,242.34,249.92,3.13,3.98,Sangat Hemat,210.84,1699.53,424747,12742,47500,484990,242495,Tidak,Normal,72.8,Pertahankan pola pemakaian
USR-0062,3,67.5,Bintang_4,1,421,131,7.6,5.2,0.86,7.3,0.45,4,95.47,94.17,23.88,10.29,26.34,4.77,254.92,262.54,2.99,3.78,Sangat Hemat,221.78,1699.53,446200,13386,47500,507086,169029,Tidak,Normal,80.9,Pertahankan pola pemakaian
USR-0063,3,48.9,Bintang_4,0,424,153,7.3,3.1,0.64,7.0,0.0,3,92.25,110.09,13.54,7.71,25.14,0.0,248.73,260.9,4.89,5.09,Sangat Hemat,216.4,1699.53,443402,13302,47500,504204,168068,Tidak,Normal,81.4,Pertahankan pola pemakaian
USR-0064,5,47.4,Tidak_Ada,0,0,156,0.0,2.3,0.21,4.6,0.0,1,0.0,112.05,12.76,2.57,27.66,0.0,155.04,150.0,3.25,3.27,Sangat Hemat,134.88,1699.53,254925,7648,47500,310073,62015,Tidak,Normal,93.0,Pertahankan pola pemakaian
USR-0065,6,95.7,Bintang_1,1,842,187,12.2,2.0,1.07,6.2,0.76,5,308.24,134.75,8.53,12.86,44.68,7.95,517.01,534.99,3.48,5.4,Sangat Hemat,449.8,1699.53,909240,27277,47500,984017,164003,Tidak,Normal,80.6,Pertahankan pola pemakaian
USR-0066,4,115.7,Bintang_1,1,790,169,8.2,1.5,0.21,7.2,0.51,1,194.53,121.98,7.18,2.57,34.6,5.36,366.23,379.85,3.72,3.16,Sangat Hemat,318.62,1699.53,645570,19367,47500,712438,178109,Tidak,Normal,79.4,Pertahankan pola pemakaian
USR-0067,3,70.2,Tidak_Ada,0,0,152,0.0,5.2,1.07,6.6,0.0,5,0.0,109.21,25.74,12.86,23.74,0.0,171.54,173.98,1.42,2.44,Sangat Hemat,149.24,1699.53,295687,8871,47500,352058,117353,Tidak,Normal,87.2,Pertahankan pola pemakaian
USR-0068,5,102.3,Bintang_4,1,358,143,6.4,2.1,0.43,5.0,0.24,2,69.13,103.17,7.62,5.14,29.99,2.48,217.53,217.67,0.06,2.13,Sangat Hemat,189.25,1699.53,369933,11098,47500,428531,85706,Tidak,Normal,90.2,Pertahankan pola pemakaian
USR-0069,7,81.7,Bintang_4,0,424,210,6.8,3.7,0.21,5.3,0.0,1,86.1,151.41,18.03,2.57,44.94,0.0,303.05,451.08,48.85,3.71,Sangat Hemat,263.65,1699.53,766627,22999,47500,837125,119589,Ya,Anomal,90.3,Pertahankan pola pemakaian
USR-0070,5,57.4,Tidak_Ada,1,0,163,0.0,2.0,0.86,5.5,0.79,4,0.0,117.02,12.82,10.29,33.29,8.3,181.72,258.78,42.4,3.16,Sangat Hemat,158.1,1699.53,439801,13194,47500,500495,100099,Ya,Anomal,91.8,Pertahankan pola pemakaian
USR-0071,3,81.7,Tidak_Ada,0,0,137,0.0,1.4,0.43,5.4,0.0,2,0.0,98.37,7.84,5.14,19.43,0.0,130.78,132.63,1.42,1.6,Sangat Hemat,113.78,1699.53,225413,6762,47500,279675,93225,Tidak,Normal,90.2,Pertahankan pola pemakaian
USR-0072,5,123.3,Tidak_Ada,0,0,146,0.0,3.8,0.64,7.5,0.0,3,0.0,104.77,14.2,7.71,45.17,0.0,171.85,169.44,1.4,1.39,Sangat Hemat,149.51,1699.53,287970,8639,47500,344110,68822,Tidak,Normal,92.3,Pertahankan pola pemakaian
USR-0073,7,71.1,Bintang_1,1,850,132,9.8,1.7,0.43,4.1,0.7,2,250.65,95.36,11.47,5.14,34.26,7.37,404.26,417.09,3.17,5.69,Sangat Hemat,351.71,1699.53,708849,21265,47500,777615,111088,Tidak,Normal,87.0,Pertahankan pola pemakaian
USR-0074,7,124.5,Tidak_Ada,0,0,102,0.0,2.1,0.21,6.7,0.0,1,0.0,73.37,10.95,2.57,55.91,0.0,142.8,136.94,4.11,1.15,Sangat Hemat,124.24,1699.53,232726,6982,47500,287208,41030,Tidak,Normal,95.4,Pertahankan pola pemakaian
USR-0075,3,28.8,Bintang_4,0,446,156,7.0,1.3,0.64,4.7,0.0,3,93.25,112.5,6.27,7.71,16.95,0.0,236.68,231.73,2.09,8.22,Sangat Hemat,205.91,1699.53,393827,11815,47500,453142,151047,Tidak,Normal,82.3,Pertahankan pola pemakaian
USR-0076,7,96.0,Bintang_4,0,406,186,7.9,2.0,0.86,5.0,0.0,4,96.5,133.67,8.92,10.29,42.33,0.0,291.71,448.3,53.68,3.04,Sangat Hemat,253.78,1699.53,761900,22857,47500,832257,118894,Ya,Anomal,90.6,Pertahankan pola pemakaian
USR-0077,4,74.2,Tidak_Ada,0,0,117,0.0,2.8,0.43,4.0,0.0,2,0.0,84.52,14.11,5.14,19.15,0.0,122.92,126.78,3.14,1.66,Sangat Hemat,106.94,1699.53,215475,6464,47500,269439,67360,Tidak,Normal,93.1,Pertahankan pola pemakaian
USR-0078,2,64.8,Bintang_1,1,949,151,12.7,2.3,0.64,5.5,0.49,3,361.91,108.8,10.52,7.71,13.08,5.17,507.2,529.49,4.4,7.82,Sangat Hemat,441.26,1699.53,899886,26997,47500,974383,487191,Tidak,Normal,43.0,Pertahankan pola pemakaian
USR-0079,5,74.3,Tidak_Ada,1,0,136,0.0,4.4,0.86,7.5,0.0,4,0.0,97.82,20.06,10.29,45.06,0.0,173.23,174.88,0.95,2.33,Sangat Hemat,150.71,1699.53,297209,8916,47500,353625,70725,Tidak,Normal,92.2,Pertahankan pola pemakaian
USR-0080,3,35.9,Bintang_1,0,764,160,7.2,3.0,1.29,6.3,0.0,6,165.93,115.51,12.99,15.43,22.55,0.0,332.41,329.34,0.92,9.26,Sangat Hemat,289.2,1699.53,559731,16792,47500,624022,208007,Tidak,Normal,75.1,Pertahankan pola pemakaian
USR-0081,3,66.7,Bintang_1,1,812,147,9.6,17.3,0.43,4.8,0.46,2,233.78,105.52,93.17,5.14,17.29,4.83,459.73,481.78,4.8,6.9,Sangat Hemat,399.96,1699.53,818802,24564,47500,890866,296955,Tidak,Normal,65.6,Pertahankan pola pemakaian
USR-0082,3,81.6,Tidak_Ada,0,0,123,0.0,3.5,1.07,7.0,0.0,5,0.0,88.42,18.5,12.86,25.26,0.0,145.04,142.27,1.91,1.78,Sangat Hemat,126.18,1699.53,241794,7254,47500,296548,98849,Tidak,Normal,89.1,Pertahankan pola pemakaian
USR-0083,4,120.8,Bintang_1,0,879,130,8.3,1.0,0.43,7.2,0.0,2,218.05,93.87,4.19,5.14,34.71,0.0,355.97,365.13,2.57,2.95,Sangat Hemat,309.69,1699.53,620552,18617,47500,686669,171667,Tidak,Normal,80.0,Pertahankan pola pemakaian
USR-0084,1,60.1,Bintang_4,0,410,133,6.5,2.4,0.86,6.1,0.0,4,80.37,96.04,7.49,10.29,7.32,0.0,201.52,202.69,0.58,3.36,Sangat Hemat,175.32,1699.53,344479,10334,47500,402313,402313,Tidak,Normal,54.7,Pertahankan pola pemakaian
USR-0085,3,54.3,Bintang_1,0,843,177,10.8,2.5,0.43,8.0,0.0,2,273.32,127.36,11.42,5.14,28.93,0.0,446.17,669.71,50.1,8.22,Sangat Hemat,388.17,1699.53,1138187,34146,47500,1219832,406611,Ya,Anomal,66.6,Pertahankan pola pemakaian
USR-0086,7,60.4,Tidak_Ada,0,0,176,0.0,1.9,0.21,6.8,0.0,1,0.0,126.62,7.25,2.57,57.3,0.0,193.74,184.4,4.83,3.21,Sangat Hemat,168.56,1699.53,313387,9402,47500,370289,52898,Tidak,Normal,93.8,Pertahankan pola pemakaian
USR-0087,3,99.2,Bintang_4,0,436,144,8.1,2.8,1.5,6.7,0.0,7,105.95,103.52,11.57,18.0,24.06,0.0,263.09,260.03,1.16,2.65,Sangat Hemat,228.89,1699.53,441930,13258,47500,502688,167563,Tidak,Normal,80.3,Pertahankan pola pemakaian
USR-0088,5,80.8,Bintang_1,1,817,175,11.6,1.8,0.64,5.2,0.37,3,285.29,125.68,8.11,7.71,31.18,3.9,461.87,464.07,0.48,5.72,Sangat Hemat,401.83,1699.53,788708,23661,47500,859869,171974,Tidak,Normal,79.3,Pertahankan pola pemakaian
USR-0089,2,59.8,Bintang_4,0,467,147,6.1,3.3,1.29,6.6,0.0,6,85.94,105.51,11.77,15.43,15.91,0.0,234.55,227.12,3.17,3.92,Sangat Hemat,204.06,1699.53,386002,11580,47500,445082,222541,Tidak,Normal,73.7,Pertahankan pola pemakaian
USR-0090,3,86.2,Tidak_Ada,0,0,143,0.0,0.9,1.29,6.2,0.0,6,0.0,103.3,2.64,15.43,22.38,0.0,143.74,142.52,0.85,1.67,Sangat Hemat,125.06,1699.53,242209,7266,47500,296975,98992,Tidak,Normal,89.2,Pertahankan pola pemakaian
USR-0091,1,74.5,Bintang_4,1,432,151,6.4,5.4,1.5,6.5,0.26,7,82.55,108.82,25.72,18.0,7.82,2.73,245.65,248.48,1.15,3.3,Sangat Hemat,213.71,1699.53,422295,12669,47500,482464,482464,Tidak,Normal,44.8,Pertahankan pola pemakaian
USR-0092,5,101.1,Bintang_1,0,890,156,8.7,1.1,0.64,5.3,0.0,3,232.19,112.1,4.77,7.71,31.89,0.0,388.67,397.02,2.15,3.85,Sangat Hemat,338.14,1699.53,674753,20243,47500,742496,148499,Tidak,Normal,82.5,Pertahankan pola pemakaian
USR-0093,4,56.3,Bintang_1,0,840,139,10.0,2.3,0.86,6.1,0.0,4,253.04,100.0,10.42,10.29,29.41,0.0,403.16,385.13,4.47,7.16,Sangat Hemat,350.75,1699.53,654543,19636,47500,721679,180420,Tidak,Normal,77.4,Pertahankan pola pemakaian
USR-0094,3,64.2,Bintang_1,0,835,150,7.0,1.8,0.86,5.2,0.0,4,174.15,108.31,8.69,10.29,18.66,0.0,320.1,325.36,1.64,4.99,Sangat Hemat,278.49,1699.53,552952,16589,47500,617041,205680,Tidak,Normal,76.0,Pertahankan pola pemakaian
USR-0095,7,62.8,Bintang_1,1,850,166,6.7,3.3,0.21,3.9,0.48,1,170.04,119.34,12.76,2.57,32.36,5.08,342.15,326.98,4.43,5.45,Sangat Hemat,297.67,1699.53,555716,16671,47500,619887,88555,Tidak,Normal,89.0,Pertahankan pola pemakaian
USR-0096,4,43.1,Bintang_4,0,421,153,6.2,2.4,1.93,7.0,0.0,9,78.11,109.87,11.69,23.14,33.59,0.0,256.4,244.3,4.72,5.94,Sangat Hemat,223.07,1699.53,415200,12456,47500,475156,118789,Tidak,Normal,85.6,Pertahankan pola pemakaian
USR-0097,7,79.9,Bintang_1,0,789,151,10.9,3.2,0.43,4.5,0.0,2,257.43,108.62,18.03,5.14,37.78,0.0,427.0,617.16,44.54,5.35,Sangat Hemat,371.49,1699.53,1048890,31467,47500,1127857,161122,Ya,Anomal,86.3,Pertahankan pola pemakaian
USR-0098,5,78.9,Tidak_Ada,0,0,160,0.0,5.3,0.21,6.1,0.0,1,0.0,115.12,22.61,2.57,36.64,0.0,176.94,179.66,1.54,2.24,Sangat Hemat,153.94,1699.53,305341,9160,47500,362001,72400,Tidak,Normal,92.1,Pertahankan pola pemakaian
USR-0099,2,72.1,Tidak_Ada,0,0,163,0.0,4.3,0.64,6.3,0.0,3,0.0,117.6,26.77,7.71,15.2,0.0,167.28,159.8,4.47,2.32,Sangat Hemat,145.54,1699.53,271589,8148,47500,327237,163618,Tidak,Normal,81.2,Pertahankan pola pemakaian
USR-0100,1,66.3,Bintang_1,1,878,149,11.3,2.8,0.64,6.3,0.54,3,297.6,107.1,12.63,7.71,7.59,5.71,438.35,417.34,4.79,6.61,Sangat Hemat,381.36,1699.53,709288,21279,47500,778067,778067,Tidak,Normal,1.6,Pertahankan pola pemakaian
USR-0101,6,43.9,Bintang_4,0,418,141,7.2,3.6,0.64,5.7,0.0,3,90.75,101.17,13.37,7.71,41.16,0.0,254.17,244.46,3.82,5.79,Sangat Hemat,221.13,1699.53,415464,12464,47500,475428,79238,Tidak,Normal,90.5,Pertahankan pola pemakaian
USR-0102,2,62.1,Tidak_Ada,0,0,154,0.0,8.8,0.43,6.3,0.0,2,0.0,110.72,46.39,5.14,15.05,0.0,177.31,185.28,4.5,2.85,Sangat Hemat,154.26,1699.53,314888,9447,47500,371835,185918,Tidak,Normal,80.1,Pertahankan pola pemakaian
USR-0103,3,63.9,Bintang_4,0,384,118,9.3,4.4,0.64,6.5,0.0,3,107.53,85.05,19.37,7.71,23.3,0.0,242.96,252.86,4.07,3.8,Sangat Hemat,211.38,1699.53,429737,12892,47500,490129,163376,Tidak,Normal,81.8,Pertahankan pola pemakaian
USR-0104,3,54.4,Bintang_4,1,375,146,8.2,2.3,0.86,6.7,0.54,4,92.27,104.97,12.42,10.29,24.25,5.72,249.91,239.57,4.14,4.6,Sangat Hemat,217.42,1699.53,407161,12215,47500,466876,155625,Tidak,Normal,81.3,Pertahankan pola pemakaian
USR-0105,3,68.0,Bintang_4,0,348,101,5.2,5.9,0.21,7.7,0.0,1,54.84,72.41,28.51,2.57,27.84,0.0,186.17,182.52,1.96,2.74,Sangat Hemat,161.97,1699.53,310199,9306,47500,367005,122335,Tidak,Normal,86.1,Pertahankan pola pemakaian
USR-0106,4,82.9,Bintang_1,1,872,116,9.2,3.4,0.21,6.2,0.5,1,240.41,83.87,14.46,2.57,29.92,5.21,376.44,393.28,4.47,4.54,Sangat Hemat,327.51,1699.53,668394,20052,47500,735946,183986,Tidak,Normal,78.9,Pertahankan pola pemakaian
USR-0107,9,139.3,Tidak_Ada,0,0,113,0.0,1.5,0.64,6.1,0.0,3,0.0,81.7,8.95,7.71,65.49,0.0,163.86,157.27,4.02,1.18,Sangat Hemat,142.56,1699.53,267285,8019,47500,322803,35867,Tidak,Normal,95.9,Pertahankan pola pemakaian
USR-0108,4,76.5,Bintang_4,0,360,171,5.3,2.4,0.86,5.1,0.0,4,57.14,123.08,9.88,10.29,24.45,0.0,224.84,349.36,55.38,2.94,Sangat Hemat,195.61,1699.53,593746,17812,47500,659059,164765,Ya,Anomal,87.4,Pertahankan pola pemakaian
USR-0109,4,78.8,Bintang_4,0,443,150,5.3,1.1,0.64,6.4,0.0,3,69.74,108.2,2.87,7.71,30.89,0.0,219.42,210.33,4.14,2.78,Sangat Hemat,190.89,1699.53,357466,10724,47500,415690,103922,Tidak,Normal,87.7,Pertahankan pola pemakaian
USR-0110,7,70.1,Bintang_4,1,375,125,6.1,0.7,0.0,6.7,0.64,0,68.51,89.83,3.65,0.0,56.01,6.71,224.7,349.7,55.63,3.2,Sangat Hemat,195.49,1699.53,594332,17830,47500,659662,94237,Ya,Anomal,92.8,Pertahankan pola pemakaian
USR-0111,7,36.8,Bintang_4,1,337,160,4.9,1.5,1.29,5.8,0.38,6,49.29,115.07,7.41,15.43,48.78,4.0,239.98,245.82,2.43,6.52,Sangat Hemat,208.79,1699.53,417775,12533,47500,477808,68258,Tidak,Normal,92.3,Pertahankan pola pemakaian
USR-0112,4,71.3,Bintang_4,0,445,170,5.8,2.9,1.29,6.5,0.0,6,77.8,122.24,16.55,15.43,31.41,0.0,263.42,255.9,2.86,3.69,Sangat Hemat,229.18,1699.53,434913,13047,47500,495460,123865,Tidak,Normal,85.2,Pertahankan pola pemakaian
USR-0113,3,73.5,Bintang_4,0,341,160,6.4,2.9,0.21,5.7,0.0,1,65.43,115.32,10.86,2.57,20.55,0.0,214.74,204.99,4.54,2.92,Sangat Hemat,186.82,1699.53,348382,10451,47500,406333,135444,Tidak,Normal,83.9,Pertahankan pola pemakaian
USR-0114,6,170.5,Tidak_Ada,0,0,146,0.0,1.2,0.64,6.7,0.0,3,0.0,105.28,4.99,7.71,48.03,0.0,166.01,173.74,4.65,0.97,Sangat Hemat,144.43,1699.53,295271,8858,47500,351629,58605,Tidak,Normal,93.8,Pertahankan pola pemakaian
USR-0115,6,67.3,Tidak_Ada,0,0,155,0.0,0.7,0.43,6.9,0.0,2,0.0,111.35,2.72,5.14,49.77,0.0,168.99,167.73,0.75,2.51,Sangat Hemat,147.02,1699.53,285056,8552,47500,341107,56851,Tidak,Normal,93.7,Pertahankan pola pemakaian
USR-0116,1,80.0,Tidak_Ada,0,0,168,0.0,6.6,0.64,6.9,0.0,3,0.0,120.98,35.08,7.71,8.28,0.0,172.06,173.75,0.98,2.15,Sangat Hemat,149.69,1699.53,295295,8859,47500,351654,351654,Tidak,Normal,61.4,Pertahankan pola pemakaian
USR-0117,3,71.1,Tidak_Ada,0,0,141,0.0,2.9,0.64,6.1,0.0,3,0.0,101.24,14.64,7.71,22.02,0.0,145.62,142.4,2.21,2.05,Sangat Hemat,126.69,1699.53,242020,7261,47500,296781,98927,Tidak,Normal,89.1,Pertahankan pola pemakaian
USR-0118,5,47.8,Bintang_4,0,415,151,5.0,6.9,0.86,5.0,0.0,4,62.74,108.43,32.45,10.29,29.76,0.0,243.66,249.95,2.58,5.09,Sangat Hemat,211.98,1699.53,424803,12744,47500,485047,97009,Tidak,Normal,89.1,Pertahankan pola pemakaian
USR-0119,4,107.4,Bintang_1,1,825,145,8.2,6.7,0.64,5.4,0.36,3,202.93,104.3,31.39,7.71,25.86,3.77,375.96,364.56,3.03,3.5,Sangat Hemat,327.08,1699.53,619576,18587,47500,685663,171416,Tidak,Normal,78.9,Pertahankan pola pemakaian
USR-0120,3,93.7,Bintang_1,0,827,118,8.1,4.2,0.86,6.6,0.0,4,199.65,84.77,14.63,10.29,23.74,0.0,333.07,342.63,2.87,3.56,Sangat Hemat,289.77,1699.53,582309,17469,47500,647279,215760,Tidak,Normal,75.1,Pertahankan pola pemakaian
USR-0121,3,95.0,Bintang_4,0,429,168,6.1,2.8,0.86,8.4,0.0,4,78.23,121.2,14.62,10.29,30.42,0.0,254.76,247.89,2.69,2.68,Sangat Hemat,221.64,1699.53,421304,12639,47500,481443,160481,Tidak,Normal,80.9,Pertahankan pola pemakaian
USR-0122,7,52.4,Tidak_Ada,0,0,191,0.0,2.1,0.64,5.7,0.0,3,0.0,137.62,11.16,7.71,47.54,0.0,204.03,195.83,4.02,3.9,Sangat Hemat,177.51,1699.53,332818,9985,47500,390303,55758,Tidak,Normal,93.5,Pertahankan pola pemakaian
USR-0123,3,117.6,Tidak_Ada,1,0,133,0.0,4.2,0.43,6.5,0.44,2,0.0,95.42,27.45,5.14,23.24,4.6,155.86,155.53,0.21,1.32,Sangat Hemat,135.6,1699.53,264323,7930,47500,319752,106584,Tidak,Normal,88.3,Pertahankan pola pemakaian
USR-0124,3,44.1,Bintang_4,0,384,169,7.4,2.5,0.86,5.4,0.0,4,84.87,121.86,12.16,10.29,19.6,0.0,248.78,256.57,3.13,5.64,Sangat Hemat,216.44,1699.53,436051,13082,47500,496632,165544,Tidak,Normal,81.4,Pertahankan pola pemakaian
USR-0125,3,88.4,Bintang_1,0,918,133,8.7,1.9,0.64,5.0,0.0,3,239.97,95.88,9.67,7.71,18.09,0.0,371.33,367.05,1.15,4.2,Sangat Hemat,323.05,1699.53,623813,18714,47500,690027,230009,Tidak,Normal,72.2,Pertahankan pola pemakaian
USR-0126,6,155.0,Tidak_Ada,0,0,153,0.0,0.8,0.86,5.3,0.0,4,0.0,109.91,3.81,10.29,38.33,0.0,162.33,154.69,4.71,1.05,Sangat Hemat,141.23,1699.53,262894,7887,47500,318281,53047,Tidak,Normal,93.9,Pertahankan pola pemakaian
USR-0127,3,50.9,Tidak_Ada,0,0,180,0.0,2.6,0.43,3.9,0.0,2,0.0,129.72,10.02,5.14,14.1,0.0,158.98,159.82,0.53,3.12,Sangat Hemat,138.31,1699.53,271627,8149,47500,327275,109092,Tidak,Normal,88.1,Pertahankan pola pemakaian
USR-0128,6,59.1,Bintang_1,0,834,140,5.9,5.2,0.64,7.4,0.0,3,146.84,100.51,29.52,7.71,52.94,0.0,337.53,343.62,1.8,5.72,Sangat Hemat,293.65,1699.53,583989,17520,47500,649009,108168,Tidak,Normal,87.4,Pertahankan pola pemakaian
USR-0129,2,74.6,Tidak_Ada,0,0,150,0.0,5.8,0.64,3.8,0.0,3,0.0,107.79,25.75,7.71,9.05,0.0,150.3,153.92,2.41,2.02,Sangat Hemat,130.76,1699.53,261589,7848,47500,316937,158469,Tidak,Normal,83.1,Pertahankan pola pemakaian
USR-0130,7,60.4,Bintang_4,0,403,114,8.2,2.8,0.86,5.7,0.0,4,99.65,82.06,12.14,10.29,48.18,0.0,252.32,249.84,0.98,4.18,Sangat Hemat,219.51,1699.53,424613,12738,47500,484851,69264,Tidak,Normal,91.9,Pertahankan pola pemakaian
USR-0131,4,41.8,Bintang_1,1,831,137,9.1,1.6,0.43,4.8,0.14,2,226.75,98.44,6.98,5.14,23.14,1.47,361.93,347.34,4.03,8.65,Sangat Hemat,314.88,1699.53,590322,17710,47500,655532,163883,Tidak,Normal,79.7,Pertahankan pola pemakaian
USR-0132,4,73.7,Bintang_1,1,846,112,9.1,4.7,0.86,5.1,0.51,4,232.04,80.55,20.75,10.29,24.55,5.4,373.58,376.73,0.84,5.07,Sangat Hemat,325.01,1699.53,640259,19208,47500,706966,176742,Tidak,Normal,79.0,Pertahankan pola pemakaian
USR-0133,1,49.6,Bintang_4,1,370,159,5.2,2.7,0.43,7.4,0.3,2,58.03,114.18,10.94,5.14,8.85,3.12,200.27,290.97,45.29,4.03,Sangat Hemat,174.23,1699.53,494507,14835,47500,556842,556842,Ya,Anomal,55.0,Pertahankan pola pemakaian
USR-0134,5,85.0,Bintang_1,0,846,167,8.3,2.2,0.64,6.2,0.0,3,211.65,119.98,10.25,7.71,37.21,0.0,386.8,404.08,4.47,4.55,Sangat Hemat,336.51,1699.53,686748,20602,47500,754851,150970,Tidak,Normal,82.6,Pertahankan pola pemakaian
USR-0135,6,52.2,Bintang_1,0,921,146,10.9,1.1,0.86,5.0,0.0,4,302.1,104.81,5.01,10.29,36.25,0.0,458.45,458.57,0.03,8.78,Sangat Hemat,398.85,1699.53,779362,23381,47500,850242,141707,Tidak,Normal,82.8,Pertahankan pola pemakaian
USR-0136,1,123.9,Tidak_Ada,0,0,156,0.0,9.6,0.86,5.4,0.0,4,0.0,112.12,41.65,10.29,6.49,0.0,170.55,170.07,0.28,1.38,Sangat Hemat,148.37,1699.53,289044,8671,47500,345215,345215,Tidak,Normal,61.7,Pertahankan pola pemakaian
USR-0137,5,54.7,Bintang_4,1,408,143,6.1,4.2,0.86,5.2,0.53,4,75.09,103.31,20.92,10.29,31.41,5.55,246.56,241.85,1.91,4.5,Sangat Hemat,214.5,1699.53,411035,12331,47500,470866,94173,Tidak,Normal,88.9,Pertahankan pola pemakaian
USR-0138,5,64.3,Bintang_4,1,430,165,7.2,4.5,0.43,6.0,0.64,2,92.84,118.66,20.63,5.14,35.74,6.73,279.74,275.23,1.61,4.35,Sangat Hemat,243.37,1699.53,467762,14033,47500,529295,105859,Tidak,Normal,87.4,Pertahankan pola pemakaian
USR-0139,1,95.7,Bintang_4,1,419,153,7.6,1.6,0.0,6.2,0.43,0,96.19,109.86,6.48,0.0,7.41,4.48,224.43,224.71,0.13,2.34,Sangat Hemat,195.25,1699.53,381904,11457,47500,440861,440861,Tidak,Normal,49.6,Pertahankan pola pemakaian
USR-0140,3,46.8,Bintang_4,1,469,110,8.5,2.9,0.64,7.9,0.58,3,119.55,79.41,10.87,7.71,28.42,6.08,252.05,247.18,1.93,5.39,Sangat Hemat,219.28,1699.53,420086,12603,47500,480189,160063,Tidak,Normal,81.1,Pertahankan pola pemakaian
USR-0141,4,78.0,Bintang_4,1,396,169,6.7,2.6,0.43,4.1,0.5,2,79.18,121.54,11.88,5.14,19.6,5.28,242.62,252.14,3.92,3.11,Sangat Hemat,211.08,1699.53,428517,12856,47500,488873,122218,Tidak,Normal,86.4,Pertahankan pola pemakaian
USR-0142,1,113.8,Bintang_4,0,374,142,6.9,4.3,0.64,6.0,0.0,3,77.74,102.39,16.64,7.71,7.16,0.0,211.64,210.35,0.61,1.86,Sangat Hemat,184.12,1699.53,357490,10725,47500,415715,415715,Tidak,Normal,52.5,Pertahankan pola pemakaian
USR-0143,2,41.0,Bintang_4,0,393,125,6.7,6.1,0.21,5.7,0.0,1,79.45,89.71,23.13,2.57,13.64,0.0,208.5,204.17,2.08,5.08,Sangat Hemat,181.4,1699.53,346989,10410,47500,404899,202450,Tidak,Normal,76.6,Pertahankan pola pemakaian
USR-0144,4,76.8,Bintang_1,0,923,141,7.9,1.1,0.64,6.9,0.0,3,220.04,101.68,4.34,7.71,33.34,0.0,367.12,619.01,68.61,4.78,Sangat Hemat,319.39,1699.53,1052026,31561,47500,1131087,282772,Ya,Anomal,79.4,Pertahankan pola pemakaian
USR-0145,4,78.9,Bintang_4,0,398,112,6.2,1.4,0.64,6.4,0.0,3,74.38,80.61,6.75,7.71,30.5,0.0,199.95,203.4,1.72,2.54,Sangat Hemat,173.96,1699.53,345684,10371,47500,403555,100889,Tidak,Normal,88.8,Pertahankan pola pemakaian
USR-0146,5,94.7,Bintang_4,0,371,125,6.2,4.0,0.43,6.6,0.0,2,69.17,90.0,22.32,5.14,39.54,0.0,226.18,215.46,4.74,2.39,Sangat Hemat,196.78,1699.53,366176,10985,47500,424661,84932,Tidak,Normal,89.8,Pertahankan pola pemakaian
USR-0147,5,46.7,Tidak_Ada,0,0,153,0.0,2.0,0.0,6.3,0.0,0,0.0,110.06,9.65,0.0,38.07,0.0,157.77,156.99,0.5,3.38,Sangat Hemat,137.26,1699.53,266802,8004,47500,322306,64461,Tidak,Normal,92.9,Pertahankan pola pemakaian
USR-0148,1,45.4,Bintang_1,0,892,155,7.7,4.4,1.07,5.1,0.0,5,206.39,111.26,23.48,12.86,6.08,0.0,360.07,361.88,0.5,7.94,Sangat Hemat,313.26,1699.53,615020,18451,47500,680971,680971,Tidak,Normal,19.1,Pertahankan pola pemakaian
USR-0149,4,86.4,Bintang_1,0,781,156,11.8,2.2,0.86,7.2,0.0,4,276.15,112.41,9.64,10.29,34.61,0.0,443.11,436.01,1.6,5.13,Sangat Hemat,385.5,1699.53,741006,22230,47500,810736,202684,Tidak,Normal,75.1,Pertahankan pola pemakaian
USR-0150,3,79.9,Bintang_4,1,429,150,6.3,1.3,0.43,6.8,0.28,2,81.39,108.05,5.95,5.14,24.47,2.98,227.98,233.67,2.5,2.85,Sangat Hemat,198.34,1699.53,397133,11914,47500,456547,152182,Tidak,Normal,82.9,Pertahankan pola pemakaian
USR-0151,3,78.6,Bintang_4,1,376,136,9.7,0.9,0.43,6.9,0.44,2,109.46,98.02,5.66,5.14,24.9,4.58,247.77,252.12,1.76,3.15,Sangat Hemat,215.56,1699.53,428483,12854,47500,488837,162946,Tidak,Normal,81.5,Pertahankan pola pemakaian
USR-0152,6,81.3,Bintang_4,1,365,149,8.3,3.6,0.43,7.3,0.7,2,91.25,107.22,19.07,5.14,52.3,7.38,282.36,295.67,4.71,3.47,Sangat Hemat,245.65,1699.53,502501,15075,47500,565076,94179,Tidak,Normal,89.4,Pertahankan pola pemakaian
USR-0153,3,56.8,Tidak_Ada,0,0,141,0.0,3.7,0.43,6.4,0.0,2,0.0,101.7,19.71,5.14,23.1,0.0,149.66,149.79,0.09,2.64,Sangat Hemat,130.2,1699.53,254573,7637,47500,309710,103237,Tidak,Normal,88.8,Pertahankan pola pemakaian
USR-0154,3,78.1,Tidak_Ada,1,0,117,0.0,4.9,1.07,7.5,0.67,5,0.0,84.59,20.74,12.86,26.93,6.99,152.1,231.18,51.99,1.95,Sangat Hemat,132.33,1699.53,392899,11787,47500,452186,150729,Ya,Anomal,88.6,Pertahankan pola pemakaian
USR-0155,2,79.8,Bintang_4,0,418,135,7.9,3.3,1.29,6.4,0.0,6,99.51,96.88,14.88,15.43,15.31,0.0,241.99,235.84,2.54,3.03,Sangat Hemat,210.54,1699.53,400824,12025,47500,460348,230174,Tidak,Normal,72.8,Pertahankan pola pemakaian
USR-0156,6,56.1,Bintang_4,1,315,168,6.8,0.3,0.64,5.8,0.29,3,64.64,120.81,1.39,7.71,41.62,3.04,239.22,236.48,1.15,4.27,Sangat Hemat,208.12,1699.53,401905,12057,47500,461462,76910,Tidak,Normal,91.0,Pertahankan pola pemakaian
USR-0157,4,138.3,Bintang_4,0,369,182,5.9,3.7,0.64,6.0,0.0,3,65.76,130.87,14.54,7.71,28.77,0.0,247.65,378.3,52.76,1.79,Sangat Hemat,215.45,1699.53,642930,19288,47500,709718,177429,Ya,Anomal,86.1,Pertahankan pola pemakaian
USR-0158,3,85.0,Tidak_Ada,1,0,163,0.0,1.1,0.21,6.0,0.76,1,0.0,117.38,2.69,2.57,21.51,8.01,152.16,155.04,1.89,1.79,Sangat Hemat,132.38,1699.53,263497,7905,47500,318902,106301,Tidak,Normal,88.6,Pertahankan pola pemakaian
USR-0159,4,47.5,Bintang_4,0,379,181,7.3,0.9,0.43,5.5,0.0,2,83.5,130.23,4.3,5.14,26.31,0.0,249.48,244.78,1.88,5.26,Sangat Hemat,217.05,1699.53,416011,12480,47500,475991,118998,Tidak,Normal,86.0,Pertahankan pola pemakaian
USR-0160,5,90.6,Bintang_4,1,385,152,5.7,0.8,0.86,7.6,0.65,4,66.13,109.23,4.42,10.29,45.79,6.82,242.68,243.66,0.4,2.68,Sangat Hemat,211.13,1699.53,414105,12423,47500,474028,94806,Tidak,Normal,89.1,Pertahankan pola pemakaian
USR-0161,6,51.2,Tidak_Ada,1,0,185,0.0,0.8,0.64,6.3,0.3,3,0.0,133.09,3.55,7.71,45.33,3.15,192.84,188.11,2.45,3.77,Sangat Hemat,167.77,1699.53,319704,9591,47500,376795,62799,Tidak,Normal,92.8,Pertahankan pola pemakaian
USR-0162,7,94.8,Tidak_Ada,0,0,191,0.0,3.2,0.43,6.1,0.0,2,0.0,137.58,12.74,5.14,51.2,0.0,206.66,209.16,1.21,2.18,Sangat Hemat,179.8,1699.53,355478,10664,47500,413642,59092,Tidak,Normal,93.4,Pertahankan pola pemakaian
USR-0163,4,108.0,Tidak_Ada,0,0,115,0.0,1.8,0.64,6.4,0.0,3,0.0,83.04,7.37,7.71,30.66,0.0,128.78,128.11,0.52,1.19,Sangat Hemat,112.04,1699.53,217722,6532,47500,271754,67939,Tidak,Normal,92.8,Pertahankan pola pemakaian
USR-0164,4,54.0,Tidak_Ada,1,0,154,0.0,1.1,0.0,9.0,0.16,0,0.0,111.19,2.92,0.0,43.1,1.71,158.92,158.63,0.18,2.94,Sangat Hemat,138.26,1699.53,269605,8088,47500,325193,81298,Tidak,Normal,91.1,Pertahankan pola pemakaian
USR-0165,6,100.9,Tidak_Ada,0,0,152,0.0,2.8,0.43,4.9,0.0,2,0.0,109.24,11.58,5.14,35.05,0.0,161.02,168.14,4.43,1.6,Sangat Hemat,140.08,1699.53,285762,8573,47500,341835,56973,Tidak,Normal,94.0,Pertahankan pola pemakaian
USR-0166,3,83.2,Bintang_4,0,357,142,5.9,1.4,0.21,5.2,0.0,1,63.43,101.89,4.89,2.57,18.56,0.0,191.35,195.29,2.06,2.3,Sangat Hemat,166.47,1699.53,331908,9957,47500,389365,129788,Tidak,Normal,85.7,Pertahankan pola pemakaian
USR-0167,4,96.0,Bintang_4,0,382,160,8.7,4.9,0.64,4.6,0.0,3,99.1,115.08,18.95,7.71,22.17,0.0,263.03,380.14,44.52,2.74,Sangat Hemat,228.83,1699.53,646058,19382,47500,712939,178235,Ya,Anomal,85.2,Pertahankan pola pemakaian
USR-0168,6,139.8,Tidak_Ada,0,0,151,0.0,6.5,0.86,5.8,0.0,4,0.0,108.59,22.39,10.29,41.53,0.0,182.8,182.87,0.04,1.31,Sangat Hemat,159.03,1699.53,310790,9324,47500,367614,61269,Tidak,Normal,93.2,Pertahankan pola pemakaian
USR-0169,6,66.1,Bintang_4,0,385,135,9.9,2.4,1.07,6.2,0.0,5,114.95,97.41,7.98,12.86,44.97,0.0,278.17,429.88,54.54,4.21,Sangat Hemat,242.0,1699.53,730599,21918,47500,800017,133336,Ya,Anomal,89.6,Pertahankan pola pemakaian
USR-0170,3,55.3,Tidak_Ada,1,0,149,0.0,6.2,0.21,5.5,0.9,1,0.0,107.62,22.34,2.57,19.92,9.42,161.87,166.65,2.95,2.93,Sangat Hemat,140.83,1699.53,283228,8497,47500,339225,113075,Tidak,Normal,87.9,Pertahankan pola pemakaian
USR-0171,2,52.7,Bintang_1,0,819,174,10.1,6.2,1.29,5.5,0.0,6,248.38,125.35,31.46,15.43,13.1,0.0,433.71,448.17,3.33,8.22,Sangat Hemat,377.33,1699.53,761679,22850,47500,832029,416015,Tidak,Normal,51.3,Pertahankan pola pemakaian
USR-0172,8,54.1,Bintang_1,0,850,154,9.6,2.9,0.21,6.1,0.0,1,245.0,110.63,11.56,2.57,58.97,0.0,428.73,419.44,2.17,7.92,Sangat Hemat,372.99,1699.53,712854,21386,47500,781740,97717,Tidak,Normal,88.0,Pertahankan pola pemakaian
USR-0173,4,70.1,Bintang_4,0,409,163,9.1,7.7,0.21,5.5,0.0,1,111.7,117.03,26.94,2.57,26.39,0.0,284.63,374.69,31.64,4.06,Sangat Hemat,247.63,1699.53,636800,19104,47500,703404,175851,Ya,Anomal,84.0,Pertahankan pola pemakaian
USR-0174,4,81.1,Bintang_1,0,875,144,10.4,1.9,0.21,6.3,0.0,1,271.7,104.01,9.69,2.57,30.29,0.0,418.26,404.86,3.2,5.16,Sangat Hemat,363.89,1699.53,688070,20642,47500,756212,189053,Tidak,Normal,76.5,Pertahankan pola pemakaian
USR-0175,4,79.3,Bintang_4,0,397,159,8.2,0.8,0.43,7.1,0.0,2,97.83,114.51,3.88,5.14,34.15,0.0,255.52,262.23,2.63,3.22,Sangat Hemat,222.3,1699.53,445671,13370,47500,506541,126635,Tidak,Normal,85.7,Pertahankan pola pemakaian
USR-0176,1,96.2,Bintang_1,0,800,126,8.5,1.1,1.07,6.7,0.0,5,203.65,90.59,2.54,12.86,8.01,0.0,317.65,309.67,2.51,3.3,Sangat Hemat,276.35,1699.53,526291,15789,47500,589580,589580,Tidak,Normal,28.7,Pertahankan pola pemakaian
USR-0177,10,72.3,Bintang_4,0,398,140,6.7,1.8,0.64,6.9,0.0,3,79.46,100.8,9.83,7.71,82.57,0.0,280.37,274.71,2.02,3.88,Sangat Hemat,243.93,1699.53,466877,14006,47500,528383,52838,Tidak,Normal,93.7,Pertahankan pola pemakaian
USR-0178,6,119.7,Bintang_4,0,359,148,8.2,3.7,0.64,7.1,0.0,3,88.57,106.52,17.1,7.71,51.02,0.0,270.92,280.47,3.52,2.26,Sangat Hemat,235.7,1699.53,476666,14300,47500,538466,89744,Tidak,Normal,89.9,Pertahankan pola pemakaian
USR-0179,1,65.6,Bintang_4,0,358,124,8.1,1.4,1.07,6.3,0.0,5,86.73,89.62,7.06,12.86,7.54,0.0,203.81,202.18,0.8,3.11,Sangat Hemat,177.31,1699.53,343606,10308,47500,401414,401414,Tidak,Normal,54.2,Pertahankan pola pemakaian
USR-0180,8,186.6,Bintang_4,0,439,133,8.3,1.8,0.86,5.8,0.0,4,109.96,96.04,7.79,10.29,56.08,0.0,280.15,293.89,4.91,1.5,Sangat Hemat,243.73,1699.53,499481,14984,47500,561966,70246,Tidak,Normal,92.1,Pertahankan pola pemakaian
USR-0181,6,89.6,Bintang_4,1,352,156,7.2,1.3,0.43,5.2,0.62,2,75.75,112.51,7.63,5.14,37.64,6.51,245.18,236.65,3.48,2.74,Sangat Hemat,213.31,1699.53,402194,12066,47500,461760,76960,Tidak,Normal,90.8,Pertahankan pola pemakaian
USR-0182,3,53.3,Bintang_1,0,864,153,8.1,1.8,0.21,5.6,0.0,1,209.64,109.87,7.64,2.57,20.19,0.0,349.91,348.63,0.37,6.56,Sangat Hemat,304.42,1699.53,592509,17775,47500,657784,219261,Tidak,Normal,73.8,Pertahankan pola pemakaian
USR-0183,1,49.5,Tidak_Ada,0,0,166,0.0,6.1,0.43,5.5,0.0,2,0.0,119.61,12.94,5.14,6.57,0.0,144.27,147.62,2.32,2.91,Sangat Hemat,125.52,1699.53,250892,7527,47500,305919,305919,Tidak,Normal,67.6,Pertahankan pola pemakaian
USR-0184,4,85.2,Tidak_Ada,0,0,138,0.0,3.4,0.86,6.7,0.0,4,0.0,99.35,12.46,10.29,32.31,0.0,154.41,146.78,4.95,1.81,Sangat Hemat,134.34,1699.53,249449,7483,47500,304433,76108,Tidak,Normal,91.3,Pertahankan pola pemakaian
USR-0185,5,66.6,Tidak_Ada,0,0,151,0.0,1.9,0.43,6.3,0.0,2,0.0,108.83,9.52,5.14,38.08,0.0,161.57,155.95,3.48,2.43,Sangat Hemat,140.57,1699.53,265041,7951,47500,320492,64098,Tidak,Normal,92.7,Pertahankan pola pemakaian
USR-0186,2,92.4,Tidak_Ada,0,0,137,0.0,5.7,0.64,6.7,0.0,3,0.0,98.33,26.25,7.71,16.07,0.0,148.36,141.25,4.8,1.6,Sangat Hemat,129.07,1699.53,240052,7202,47500,294753,147377,Tidak,Normal,83.3,Pertahankan pola pemakaian
USR-0187,2,85.0,Bintang_1,0,890,164,9.3,2.8,0.86,4.8,0.0,4,247.25,118.17,12.12,10.29,11.62,0.0,399.43,419.12,4.93,4.7,Sangat Hemat,347.51,1699.53,712308,21369,47500,781178,390589,Tidak,Normal,55.1,Pertahankan pola pemakaian
USR-0188,4,70.2,Tidak_Ada,0,0,174,0.0,2.9,1.07,7.4,0.0,5,0.0,125.15,10.64,12.86,35.67,0.0,184.32,189.12,2.61,2.63,Sangat Hemat,160.35,1699.53,321413,9642,47500,378556,94639,Tidak,Normal,89.7,Pertahankan pola pemakaian
USR-0189,3,53.5,Tidak_Ada,1,0,160,0.0,5.4,0.0,5.6,0.28,0,0.0,114.96,24.37,0.0,20.06,2.93,162.33,160.27,1.26,3.03,Sangat Hemat,141.22,1699.53,272392,8172,47500,328064,109355,Tidak,Normal,87.8,Pertahankan pola pemakaian
USR-0190,7,42.4,Tidak_Ada,1,0,171,0.0,2.2,1.07,4.9,0.55,5,0.0,123.28,9.93,12.86,41.16,5.77,193.0,265.14,37.38,4.55,Sangat Hemat,167.91,1699.53,450616,13518,47500,511635,73091,Ya,Anomal,93.8,Pertahankan pola pemakaian
USR-0191,7,61.6,Bintang_4,0,396,151,7.2,4.7,1.5,5.6,0.0,7,86.09,108.47,21.09,18.0,46.71,0.0,280.36,268.88,4.1,4.55,Sangat Hemat,243.91,1699.53,456966,13709,47500,518175,74025,Tidak,Normal,91.0,Pertahankan pola pemakaian
USR-0192,3,97.2,Tidak_Ada,0,0,166,0.0,4.5,0.64,8.5,0.0,3,0.0,119.6,22.49,7.71,30.54,0.0,180.35,180.92,0.32,1.86,Sangat Hemat,156.9,1699.53,307486,9225,47500,364210,121403,Tidak,Normal,86.5,Pertahankan pola pemakaian
USR-0193,7,77.6,Bintang_4,0,383,152,6.2,2.5,0.64,5.6,0.0,3,71.56,109.09,11.62,7.71,47.14,0.0,247.12,258.88,4.76,3.18,Sangat Hemat,214.99,1699.53,439972,13199,47500,500671,71524,Tidak,Normal,92.1,Pertahankan pola pemakaian
USR-0194,1,46.6,Tidak_Ada,0,0,130,0.0,1.2,0.43,5.7,0.0,2,0.0,93.24,5.03,5.14,6.81,0.0,110.22,146.64,33.05,2.37,Sangat Hemat,95.89,1699.53,249225,7477,47500,304202,304202,Ya,Anomal,75.2,Pertahankan pola pemakaian
USR-0195,2,76.5,Bintang_1,0,816,155,7.5,2.7,1.07,5.8,0.0,5,184.1,111.55,9.85,12.86,13.94,0.0,332.3,327.82,1.35,4.34,Sangat Hemat,289.1,1699.53,557138,16714,47500,621352,310676,Tidak,Normal,62.7,Pertahankan pola pemakaian
USR-0196,3,82.4,Bintang_1,0,884,130,5.1,5.4,0.43,5.9,0.0,2,135.2,93.67,30.78,5.14,21.06,0.0,285.86,448.05,56.74,3.47,Sangat Hemat,248.7,1699.53,761480,22844,47500,831825,277275,Ya,Anomal,78.6,Pertahankan pola pemakaian
USR-0197,3,52.8,Bintang_4,0,384,197,7.9,4.4,1.07,5.2,0.0,5,91.56,141.68,27.93,12.86,18.79,0.0,292.82,307.43,4.99,5.54,Sangat Hemat,254.75,1699.53,522487,15675,47500,585661,195220,Tidak,Normal,78.1,Pertahankan pola pemakaian
USR-0198,2,76.0,Bintang_1,0,815,143,12.3,7.6,0.43,6.1,0.0,2,300.44,103.19,46.04,5.14,14.74,0.0,469.55,470.43,0.19,6.18,Sangat Hemat,408.51,1699.53,799517,23986,47500,871003,435501,Tidak,Normal,47.3,Pertahankan pola pemakaian
USR-0199,1,73.5,Bintang_4,0,438,163,5.1,2.0,0.21,7.1,0.0,1,66.75,117.29,10.39,2.57,8.49,0.0,205.48,215.02,4.64,2.8,Sangat Hemat,178.77,1699.53,365439,10963,47500,423902,423902,Tidak,Normal,53.9,Pertahankan pola pemakaian
USR-0200,1,48.3,Tidak_Ada,0,0,150,0.0,4.3,0.64,6.3,0.0,3,0.0,107.82,12.98,7.71,7.58,0.0,136.1,215.04,58.01,2.82,Sangat Hemat,118.4,1699.53,365475,10964,47500,423940,423940,Ya,Anomal,69.4,Pertahankan pola pemakaian
USR-0201,3,81.6,Bintang_4,0,413,125,5.9,1.5,0.64,4.9,0.0,3,72.7,90.24,4.28,7.71,17.6,0.0,192.53,196.79,2.21,2.36,Sangat Hemat,167.5,1699.53,334448,10033,47500,391981,130660,Tidak,Normal,85.6,Pertahankan pola pemakaian
USR-0202,4,87.6,Bintang_4,0,409,112,6.8,3.1,0.43,5.7,0.0,2,83.45,80.66,12.29,5.14,27.15,0.0,208.69,211.34,1.27,2.38,Sangat Hemat,181.56,1699.53,359185,10776,47500,417461,104365,Tidak,Normal,88.3,Pertahankan pola pemakaian
USR-0203,3,105.2,Bintang_4,0,409,165,9.6,5.3,1.07,5.4,0.0,5,118.08,118.79,23.48,12.86,19.61,0.0,292.82,480.93,64.24,2.78,Sangat Hemat,254.76,1699.53,817360,24521,47500,889381,296460,Ya,Anomal,78.1,Pertahankan pola pemakaian
USR-0204,5,104.1,Bintang_4,1,405,181,3.9,4.7,0.43,6.1,0.59,2,47.5,130.31,20.67,5.14,36.32,6.15,246.08,247.82,0.71,2.36,Sangat Hemat,214.09,1699.53,421177,12635,47500,481312,96262,Tidak,Normal,88.9,Pertahankan pola pemakaian
USR-0205,6,44.5,Bintang_4,1,401,135,4.4,2.9,1.71,7.3,0.64,8,53.45,97.42,13.52,20.57,52.78,6.71,244.44,233.3,4.56,5.5,Sangat Hemat,212.67,1699.53,396503,11895,47500,455898,75983,Tidak,Normal,90.9,Pertahankan pola pemakaian
USR-0206,3,51.9,Bintang_1,1,823,117,6.2,2.3,0.86,5.9,0.73,4,152.1,84.14,7.51,10.29,21.06,7.62,282.72,272.82,3.5,5.45,Sangat Hemat,245.97,1699.53,463661,13910,47500,525071,175024,Tidak,Normal,78.8,Pertahankan pola pemakaian
USR-0207,2,86.2,Bintang_4,1,389,143,3.3,1.5,1.29,5.9,0.36,6,38.3,103.32,8.9,15.43,14.19,3.74,183.87,275.05,49.59,2.13,Sangat Hemat,159.97,1699.53,467452,14024,47500,528975,264488,Ya,Anomal,79.4,Pertahankan pola pemakaian
USR-0208,3,86.2,Bintang_4,1,393,131,3.9,2.4,0.86,7.8,0.48,4,46.37,94.51,13.9,10.29,28.0,5.01,198.07,335.45,69.36,2.3,Sangat Hemat,172.32,1699.53,570103,17103,47500,634706,211569,Ya,Anomal,85.2,Pertahankan pola pemakaian
USR-0209,3,86.2,Bintang_1,0,859,137,9.9,1.2,0.21,6.9,0.0,1,254.54,98.64,4.11,2.57,24.75,0.0,384.62,600.55,56.14,4.46,Sangat Hemat,334.62,1699.53,1020652,30620,47500,1098771,366257,Ya,Anomal,71.2,Pertahankan pola pemakaian
USR-0210,3,277.3,Bintang_1,0,816,162,7.5,2.2,1.29,6.6,0.0,6,183.67,116.79,6.25,15.43,23.67,0.0,345.81,352.02,1.8,1.25,Sangat Hemat,300.85,1699.53,598263,17948,47500,663711,221237,Tidak,Normal,74.1,Pertahankan pola pemakaian
USR-0211,6,87.9,Bintang_4,0,409,149,10.3,0.9,1.07,8.0,0.0,5,126.32,107.27,4.06,12.86,57.3,0.0,307.81,306.1,0.56,3.5,Sangat Hemat,267.79,1699.53,520220,15607,47500,583327,97221,Tidak,Normal,88.5,Pertahankan pola pemakaian
USR-0212,7,107.1,Tidak_Ada,0,0,133,0.0,1.2,1.71,6.5,0.0,8,0.0,96.06,6.94,20.57,54.51,0.0,178.09,185.57,4.2,1.66,Sangat Hemat,154.93,1699.53,315375,9461,47500,372336,53191,Tidak,Normal,94.3,Pertahankan pola pemakaian
USR-0213,2,100.5,Bintang_4,0,409,162,6.5,4.5,0.43,4.0,0.0,2,80.02,116.47,20.27,5.14,9.63,0.0,231.55,238.38,2.95,2.3,Sangat Hemat,201.45,1699.53,405129,12154,47500,464783,232391,Tidak,Normal,74.0,Pertahankan pola pemakaian
USR-0214,4,90.4,Bintang_4,0,422,163,7.8,4.2,0.43,6.8,0.0,2,98.95,117.6,20.08,5.14,32.8,0.0,274.57,420.11,53.0,3.04,Sangat Hemat,238.88,1699.53,713981,21419,47500,782901,195725,Ya,Anomal,84.6,Pertahankan pola pemakaian
USR-0215,3,64.5,Bintang_1,0,807,143,4.8,2.3,1.07,4.4,0.0,5,116.67,103.15,9.38,12.86,15.87,0.0,257.92,246.8,4.31,4.0,Sangat Hemat,224.39,1699.53,419438,12583,47500,479521,159840,Tidak,Normal,80.7,Pertahankan pola pemakaian
USR-0216,6,93.9,Bintang_1,0,824,153,7.7,2.8,0.86,6.5,0.0,4,190.21,109.99,13.09,10.29,46.45,0.0,370.02,383.65,3.68,3.94,Sangat Hemat,321.92,1699.53,652022,19561,47500,719082,119847,Tidak,Normal,86.2,Pertahankan pola pemakaian
USR-0217,8,54.9,Bintang_4,0,416,160,6.0,3.1,0.86,4.3,0.0,4,75.18,115.5,16.39,10.29,41.15,0.0,258.49,265.34,2.65,4.71,Sangat Hemat,224.89,1699.53,450959,13529,47500,511988,63999,Tidak,Normal,92.7,Pertahankan pola pemakaian
USR-0218,5,66.3,Bintang_1,0,850,159,10.1,3.6,1.07,5.5,0.0,5,258.57,114.14,17.45,12.86,33.2,0.0,436.22,448.9,2.91,6.58,Sangat Hemat,379.51,1699.53,762922,22888,47500,833309,166662,Tidak,Normal,80.4,Pertahankan pola pemakaian
USR-0219,4,60.8,Bintang_4,0,388,151,9.1,3.4,0.64,5.6,0.0,3,105.65,108.58,16.86,7.71,27.05,0.0,265.86,272.37,2.45,4.38,Sangat Hemat,231.3,1699.53,462905,13887,47500,524292,131073,Tidak,Normal,85.1,Pertahankan pola pemakaian
USR-0220,1,74.1,Bintang_4,1,385,179,8.1,1.2,0.64,5.2,0.29,3,94.05,128.63,3.66,7.71,6.28,3.06,243.39,237.93,2.24,3.28,Sangat Hemat,211.75,1699.53,404372,12131,47500,464003,464003,Tidak,Normal,45.3,Pertahankan pola pemakaian
USR-0221,2,161.9,Bintang_1,0,873,162,7.9,0.6,1.29,5.7,0.0,6,205.73,116.39,4.03,15.43,13.56,0.0,355.15,367.89,3.59,2.19,Sangat Hemat,308.98,1699.53,625243,18757,47500,691500,345750,Tidak,Normal,60.1,Pertahankan pola pemakaian
USR-0222,5,37.5,Bintang_4,1,410,141,5.5,1.5,0.43,7.0,0.38,2,67.82,101.51,4.45,5.14,42.2,4.01,225.13,213.93,4.98,6.01,Sangat Hemat,195.87,1699.53,363574,10907,47500,421981,84396,Tidak,Normal,89.9,Pertahankan pola pemakaian
USR-0223,5,91.5,Tidak_Ada,1,0,141,0.0,2.5,0.64,5.3,0.4,3,0.0,101.6,11.5,7.71,31.72,4.21,156.74,152.62,2.63,1.71,Sangat Hemat,136.36,1699.53,259381,7781,47500,314663,62933,Tidak,Normal,93.0,Pertahankan pola pemakaian
USR-0224,3,40.9,Bintang_4,0,418,139,5.1,4.8,0.64,6.5,0.0,3,63.8,99.96,21.11,7.71,23.56,0.0,216.14,206.34,4.53,5.28,Sangat Hemat,188.05,1699.53,350687,10521,47500,408707,136236,Tidak,Normal,83.8,Pertahankan pola pemakaian
USR-0225,1,61.0,Bintang_1,0,829,163,5.4,3.1,0.43,5.0,0.0,2,133.62,117.1,13.78,5.14,6.04,0.0,275.68,264.95,3.89,4.52,Sangat Hemat,239.84,1699.53,450283,13508,47500,511291,511291,Tidak,Normal,38.1,Pertahankan pola pemakaian
USR-0226,1,105.4,Tidak_Ada,0,0,138,0.0,3.7,0.21,5.8,0.0,1,0.0,99.03,19.79,2.57,6.97,0.0,128.36,128.78,0.32,1.22,Sangat Hemat,111.68,1699.53,218866,6566,47500,272932,272932,Tidak,Normal,71.2,Pertahankan pola pemakaian
USR-0227,4,73.6,Tidak_Ada,0,0,142,0.0,1.6,0.21,6.3,0.0,1,0.0,101.88,6.13,2.57,30.35,0.0,140.94,134.42,4.63,1.91,Sangat Hemat,122.62,1699.53,228444,6853,47500,282798,70699,Tidak,Normal,92.1,Pertahankan pola pemakaian
USR-0228,8,49.4,Bintang_4,0,325,171,9.6,2.6,0.43,5.0,0.0,2,93.44,123.24,10.71,5.14,48.03,0.0,280.56,271.62,3.19,5.68,Sangat Hemat,244.09,1699.53,461627,13849,47500,522976,65372,Tidak,Normal,92.1,Pertahankan pola pemakaian
USR-0229,3,56.1,Bintang_4,0,319,154,9.7,2.8,0.43,4.7,0.0,2,92.48,110.76,9.8,5.14,16.88,0.0,235.07,228.78,2.67,4.19,Sangat Hemat,204.51,1699.53,388826,11665,47500,447991,149330,Tidak,Normal,82.4,Pertahankan pola pemakaian
USR-0230,6,91.3,Bintang_1,1,845,174,5.9,1.7,0.21,6.5,0.38,1,149.37,125.26,9.52,2.57,46.74,4.03,337.49,342.73,1.55,3.7,Sangat Hemat,293.62,1699.53,582485,17475,47500,647460,107910,Tidak,Normal,87.4,Pertahankan pola pemakaian
USR-0231,1,55.8,Bintang_4,0,404,166,8.1,1.4,0.0,7.1,0.0,0,97.72,119.49,6.78,0.0,8.55,0.0,232.54,231.81,0.31,4.17,Sangat Hemat,202.31,1699.53,393970,11819,47500,453289,453289,Tidak,Normal,47.8,Pertahankan pola pemakaian
USR-0232,4,77.7,Bintang_1,0,821,126,6.8,2.4,0.43,5.9,0.0,2,166.26,91.06,12.04,5.14,28.42,0.0,302.92,475.16,56.86,3.9,Sangat Hemat,263.54,1699.53,807547,24226,47500,879273,219818,Ya,Anomal,83.0,Pertahankan pola pemakaian
USR-0233,4,73.2,Bintang_4,0,366,148,6.5,4.0,1.71,5.5,0.0,8,70.96,106.53,21.14,20.57,26.6,0.0,245.81,252.4,2.68,3.36,Sangat Hemat,213.85,1699.53,428969,12869,47500,489338,122334,Tidak,Normal,86.2,Pertahankan pola pemakaian
USR-0234,6,57.3,Bintang_1,1,834,170,10.8,1.6,0.86,6.2,0.69,4,270.44,122.26,9.94,10.29,44.32,7.28,464.52,462.51,0.43,8.1,Sangat Hemat,404.13,1699.53,786054,23582,47500,857135,142856,Tidak,Normal,82.6,Pertahankan pola pemakaian
USR-0235,1,152.5,Bintang_4,1,403,126,6.1,2.4,0.64,6.1,0.46,3,74.06,90.4,14.72,7.71,7.27,4.78,198.94,195.93,1.52,1.3,Sangat Hemat,173.08,1699.53,332983,9990,47500,390473,390473,Tidak,Normal,55.3,Pertahankan pola pemakaian
USR-0236,7,89.9,Bintang_1,0,882,158,8.4,6.1,0.86,6.2,0.0,4,222.3,114.04,29.36,10.29,52.44,0.0,428.44,448.25,4.62,4.77,Sangat Hemat,372.74,1699.53,761812,22854,47500,832167,118881,Tidak,Normal,86.3,Pertahankan pola pemakaian
USR-0237,2,35.4,Bintang_4,0,384,149,8.7,2.0,0.86,3.5,0.0,4,99.74,107.43,9.24,10.29,8.33,0.0,235.03,223.48,4.92,6.63,Sangat Hemat,204.48,1699.53,379807,11394,47500,438701,219351,Tidak,Normal,73.6,Pertahankan pola pemakaian
USR-0238,5,76.9,Bintang_1,0,926,115,11.0,2.7,0.21,4.9,0.0,1,306.39,82.73,10.98,2.57,29.59,0.0,432.26,423.85,1.95,5.62,Sangat Hemat,376.06,1699.53,720338,21610,47500,789448,157890,Tidak,Normal,80.6,Pertahankan pola pemakaian
USR-0239,6,57.1,Bintang_4,0,439,152,5.2,2.6,1.29,5.2,0.0,6,69.09,109.72,13.19,15.43,37.11,0.0,244.55,405.7,65.9,4.28,Sangat Hemat,212.76,1699.53,689495,20685,47500,757679,126280,Ya,Anomal,90.8,Pertahankan pola pemakaian
USR-0240,7,97.0,Bintang_1,1,716,133,9.8,2.4,0.43,6.2,0.43,2,211.48,95.94,12.47,5.14,51.67,4.48,381.18,391.96,2.83,3.93,Sangat Hemat,331.62,1699.53,666140,19984,47500,733624,104803,Tidak,Normal,87.8,Pertahankan pola pemakaian
USR-0241,5,54.6,Bintang_4,0,401,127,8.0,7.4,0.21,6.2,0.0,1,95.76,91.19,28.43,2.57,37.12,0.0,255.07,263.14,3.16,4.68,Sangat Hemat,221.91,1699.53,447211,13416,47500,508128,101626,Tidak,Normal,88.5,Pertahankan pola pemakaian
USR-0242,4,69.2,Tidak_Ada,0,0,150,0.0,3.3,1.5,6.6,0.0,7,0.0,108.13,16.81,18.0,31.85,0.0,174.8,166.86,4.54,2.53,Sangat Hemat,152.07,1699.53,283586,8508,47500,339594,84898,Tidak,Normal,90.2,Pertahankan pola pemakaian
USR-0243,5,85.9,Bintang_1,1,879,111,11.9,1.1,0.64,6.3,0.6,3,312.49,80.2,5.73,7.71,37.55,6.32,449.99,459.4,2.09,5.24,Sangat Hemat,391.49,1699.53,780772,23423,47500,851695,170339,Tidak,Normal,79.8,Pertahankan pola pemakaian
USR-0244,5,97.5,Bintang_4,0,435,137,8.1,6.8,0.64,4.7,0.0,3,105.98,98.29,23.74,7.71,28.2,0.0,263.92,269.73,2.2,2.71,Sangat Hemat,229.61,1699.53,458416,13752,47500,519669,103934,Tidak,Normal,88.1,Pertahankan pola pemakaian
USR-0245,3,47.3,Tidak_Ada,0,0,201,0.0,3.2,1.07,7.4,0.0,5,0.0,144.74,14.97,12.86,26.81,0.0,199.38,193.68,2.86,4.21,Sangat Hemat,173.46,1699.53,329158,9875,47500,386532,128844,Tidak,Normal,85.1,Pertahankan pola pemakaian
USR-0246,1,64.0,Bintang_1,0,919,163,8.2,2.2,0.43,7.3,0.0,2,224.92,117.36,9.65,5.14,8.73,0.0,365.8,351.63,3.87,5.71,Sangat Hemat,318.24,1699.53,597607,17928,47500,663035,663035,Tidak,Normal,17.9,Pertahankan pola pemakaian
USR-0247,4,61.0,Tidak_Ada,1,0,132,0.0,6.1,0.43,4.7,0.7,2,0.0,95.31,27.46,5.14,22.76,7.33,158.0,161.94,2.5,2.59,Sangat Hemat,137.46,1699.53,275227,8257,47500,330984,82746,Tidak,Normal,91.1,Pertahankan pola pemakaian
USR-0248,8,57.3,Bintang_4,0,397,178,6.4,1.7,0.21,6.3,0.0,1,76.54,128.22,6.21,2.57,60.79,0.0,274.33,267.46,2.5,4.79,Sangat Hemat,238.67,1699.53,454554,13637,47500,515691,64461,Tidak,Normal,92.3,Pertahankan pola pemakaian
USR-0249,3,133.6,Bintang_4,0,402,130,8.2,7.6,0.64,5.4,0.0,3,98.36,93.71,21.73,7.71,19.46,0.0,240.98,228.97,4.98,1.8,Sangat Hemat,209.65,1699.53,389138,11674,47500,448312,149437,Tidak,Normal,82.0,Pertahankan pola pemakaian
USR-0250,2,83.0,Bintang_1,0,851,139,12.2,2.9,0.43,6.1,0.0,2,311.62,100.03,10.98,5.14,14.73,0.0,442.5,430.27,2.76,5.33,Sangat Hemat,384.98,1699.53,731258,21938,47500,800696,400348,Tidak,Normal,50.3,Pertahankan pola pemakaian
USR-0251,4,46.3,Bintang_1,1,914,127,10.5,5.0,1.71,7.1,0.69,8,287.03,91.46,18.36,20.57,33.86,7.28,458.55,437.05,4.69,9.9,Sangat Hemat,398.94,1699.53,742775,22283,47500,812559,203140,Tidak,Normal,74.3,Pertahankan pola pemakaian
USR-0252,3,99.3,Bintang_1,0,844,155,7.7,17.1,0.0,8.1,0.0,0,195.68,111.69,82.5,0.0,29.27,0.0,419.14,408.63,2.51,4.22,Sangat Hemat,364.65,1699.53,694479,20834,47500,762813,254271,Tidak,Normal,68.6,Pertahankan pola pemakaian
USR-0253,3,151.3,Tidak_Ada,0,0,177,0.0,3.0,1.07,6.8,0.0,5,0.0,127.71,14.64,12.86,24.3,0.0,179.51,176.54,1.65,1.19,Sangat Hemat,156.17,1699.53,300041,9001,47500,356543,118848,Tidak,Normal,86.6,Pertahankan pola pemakaian
USR-0254,2,103.3,Bintang_4,0,400,130,8.3,2.6,0.21,6.3,0.0,1,99.05,93.61,12.26,2.57,15.11,0.0,222.61,217.52,2.29,2.15,Sangat Hemat,193.67,1699.53,369686,11091,47500,428277,214138,Tidak,Normal,75.0,Pertahankan pola pemakaian
USR-0255,5,42.3,Bintang_4,0,445,109,9.5,1.4,0.86,5.7,0.0,4,126.38,78.33,4.65,10.29,33.96,0.0,253.6,264.25,4.2,5.99,Sangat Hemat,220.63,1699.53,449104,13473,47500,510077,102015,Tidak,Normal,88.6,Pertahankan pola pemakaian
USR-0256,5,60.8,Tidak_Ada,0,0,172,0.0,2.5,0.43,6.2,0.0,2,0.0,123.71,8.83,5.14,37.09,0.0,174.78,170.1,2.67,2.88,Sangat Hemat,152.06,1699.53,289093,8673,47500,345266,69053,Tidak,Normal,92.2,Pertahankan pola pemakaian
USR-0257,4,112.2,Bintang_1,1,840,181,5.9,1.5,0.86,7.4,0.44,4,149.24,130.37,5.76,10.29,35.33,4.66,335.64,334.55,0.32,2.99,Sangat Hemat,292.01,1699.53,568578,17057,47500,633135,158284,Tidak,Normal,81.2,Pertahankan pola pemakaian
USR-0258,3,56.2,Bintang_1,0,837,110,8.6,2.4,0.86,6.0,0.0,4,216.69,79.27,10.98,10.29,21.44,0.0,338.67,354.16,4.57,6.03,Sangat Hemat,294.64,1699.53,601902,18057,47500,667459,222486,Tidak,Normal,74.6,Pertahankan pola pemakaian
USR-0259,7,84.1,Bintang_1,1,894,159,8.3,15.4,0.64,5.1,0.25,3,223.57,114.62,64.81,7.71,42.96,2.66,456.34,473.64,3.79,5.43,Sangat Hemat,397.02,1699.53,804973,24149,47500,876622,125232,Tidak,Normal,85.4,Pertahankan pola pemakaian
USR-0260,4,94.4,Tidak_Ada,1,0,155,0.0,2.9,0.43,4.4,0.72,2,0.0,111.26,13.96,5.14,21.03,7.52,158.91,155.88,1.91,1.68,Sangat Hemat,138.25,1699.53,264925,7948,47500,320373,80093,Tidak,Normal,91.1,Pertahankan pola pemakaian
USR-0261,3,52.1,Bintang_4,0,388,134,5.8,1.9,0.21,6.5,0.0,1,67.93,96.66,10.49,2.57,23.45,0.0,201.1,197.61,1.74,3.86,Sangat Hemat,174.95,1699.53,335841,10075,47500,393417,131139,Tidak,Normal,84.9,Pertahankan pola pemakaian
USR-0262,1,70.5,Bintang_4,1,368,122,8.7,2.4,0.43,6.2,0.24,2,95.87,87.92,8.63,5.14,7.5,2.55,207.61,209.55,0.93,2.94,Sangat Hemat,180.62,1699.53,356141,10684,47500,414325,414325,Tidak,Normal,53.4,Pertahankan pola pemakaian
USR-0263,2,23.2,Tidak_Ada,0,0,170,0.0,2.1,0.21,5.4,0.0,1,0.0,122.28,7.72,2.57,12.85,0.0,145.42,151.5,4.18,6.28,Sangat Hemat,126.52,1699.53,257472,7724,47500,312696,156348,Tidak,Normal,83.7,Pertahankan pola pemakaian
USR-0264,3,50.3,Bintang_4,0,409,154,5.7,5.1,0.43,7.0,0.0,2,70.3,110.58,23.57,5.14,25.29,0.0,234.88,223.37,4.9,4.67,Sangat Hemat,204.34,1699.53,379621,11389,47500,438510,146170,Tidak,Normal,82.4,Pertahankan pola pemakaian
USR-0265,3,65.9,Bintang_1,0,890,155,7.8,2.6,0.21,5.6,0.0,1,207.98,111.66,11.4,2.57,20.08,0.0,353.69,349.91,1.07,5.37,Sangat Hemat,307.71,1699.53,594688,17841,47500,660029,220010,Tidak,Normal,73.5,Pertahankan pola pemakaian
USR-0266,5,46.5,Bintang_4,0,347,138,6.4,7.1,0.21,5.9,0.0,1,66.55,99.05,36.89,2.57,35.19,0.0,240.25,248.65,3.5,5.16,Sangat Hemat,209.02,1699.53,422596,12678,47500,482774,96555,Tidak,Normal,89.2,Pertahankan pola pemakaian
USR-0267,4,127.5,Bintang_1,0,824,134,8.7,2.2,0.64,6.0,0.0,3,216.19,96.45,10.13,7.71,28.72,0.0,359.21,355.99,0.9,2.82,Sangat Hemat,312.51,1699.53,605019,18151,47500,670670,167667,Tidak,Normal,79.8,Pertahankan pola pemakaian
USR-0268,5,43.6,Bintang_4,1,424,101,8.5,2.3,0.21,5.6,0.54,1,108.44,72.65,14.18,2.57,33.89,5.66,237.39,242.62,2.2,5.44,Sangat Hemat,206.53,1699.53,412336,12370,47500,472206,94441,Tidak,Normal,89.3,Pertahankan pola pemakaian
USR-0269,7,61.7,Tidak_Ada,0,0,145,0.0,1.6,0.64,6.2,0.0,3,0.0,104.72,4.87,7.71,52.38,0.0,169.69,172.94,1.92,2.75,Sangat Hemat,147.63,1699.53,293921,8818,47500,350239,50034,Tidak,Normal,94.6,Pertahankan pola pemakaian
USR-0270,3,75.4,Bintang_1,1,797,179,7.0,2.2,0.43,7.2,0.42,2,166.16,128.72,11.35,5.14,25.75,4.38,341.5,331.44,2.95,4.53,Sangat Hemat,297.11,1699.53,563298,16899,47500,627697,209232,Tidak,Normal,74.4,Pertahankan pola pemakaian
USR-0271,5,119.2,Bintang_4,0,438,132,8.2,1.0,0.64,4.9,0.0,3,108.21,95.18,4.5,7.71,29.15,0.0,244.75,243.51,0.5,2.05,Sangat Hemat,212.93,1699.53,413861,12416,47500,473776,94755,Tidak,Normal,89.0,Pertahankan pola pemakaian
USR-0272,2,43.6,Bintang_1,0,786,120,10.0,0.8,0.43,6.5,0.0,2,235.91,86.08,2.45,5.14,15.57,0.0,345.15,347.43,0.66,7.92,Sangat Hemat,300.28,1699.53,590475,17714,47500,655689,327844,Tidak,Normal,61.2,Pertahankan pola pemakaian
USR-0273,6,108.2,Bintang_4,0,378,159,6.1,4.0,0.86,6.2,0.0,4,69.14,114.27,10.43,10.29,44.44,0.0,248.57,350.49,41.0,2.3,Sangat Hemat,216.26,1699.53,595666,17870,47500,661036,110173,Ya,Anomal,90.7,Pertahankan pola pemakaian
USR-0274,5,72.3,Bintang_4,1,375,162,9.2,1.0,0.21,6.2,0.6,1,103.26,116.93,3.33,2.57,36.92,6.25,269.26,277.94,3.22,3.73,Sangat Hemat,234.26,1699.53,472368,14171,47500,534039,106808,Tidak,Normal,87.9,Pertahankan pola pemakaian
USR-0275,6,51.1,Tidak_Ada,1,0,138,0.0,3.5,0.64,6.9,0.43,3,0.0,99.56,19.38,7.71,49.48,4.54,180.68,185.37,2.6,3.54,Sangat Hemat,157.19,1699.53,315044,9451,47500,371996,61999,Tidak,Normal,93.2,Pertahankan pola pemakaian
USR-0276,3,84.6,Bintang_4,0,404,143,4.8,2.0,0.64,6.0,0.0,3,58.1,102.98,11.04,7.71,21.78,0.0,201.62,192.11,4.72,2.38,Sangat Hemat,175.41,1699.53,326493,9795,47500,383788,127929,Tidak,Normal,84.9,Pertahankan pola pemakaian
USR-0277,2,77.2,Bintang_4,0,384,155,7.3,4.8,0.86,6.5,0.0,4,84.46,111.8,20.94,10.29,15.55,0.0,243.04,247.18,1.71,3.15,Sangat Hemat,211.44,1699.53,420098,12603,47500,480201,240101,Tidak,Normal,72.7,Pertahankan pola pemakaian
USR-0278,1,58.4,Bintang_4,0,378,147,8.0,1.0,0.86,6.7,0.0,4,90.52,105.76,4.03,10.29,8.06,0.0,218.66,218.6,0.03,3.75,Sangat Hemat,190.23,1699.53,371520,11146,47500,430165,430165,Tidak,Normal,50.9,Pertahankan pola pemakaian
USR-0279,2,73.8,Bintang_1,0,850,170,11.0,3.9,0.86,5.5,0.0,4,281.52,122.4,14.52,10.29,13.19,0.0,441.91,445.18,0.74,5.99,Sangat Hemat,384.47,1699.53,756593,22698,47500,826791,413396,Tidak,Normal,50.4,Pertahankan pola pemakaian
USR-0280,3,62.9,Tidak_Ada,1,0,199,0.0,3.3,0.64,6.3,0.86,3,0.0,143.1,14.37,7.71,22.68,9.04,196.9,194.4,1.27,3.13,Sangat Hemat,171.3,1699.53,330381,9911,47500,387792,129264,Tidak,Normal,85.3,Pertahankan pola pemakaian
USR-0281,2,74.9,Tidak_Ada,1,0,116,0.0,3.4,0.86,5.7,0.65,4,0.0,83.39,13.76,10.29,13.8,6.82,128.05,130.79,2.14,1.71,Sangat Hemat,111.4,1699.53,222285,6669,47500,276454,138227,Tidak,Normal,85.6,Pertahankan pola pemakaian
USR-0282,7,90.8,Bintang_1,0,856,175,8.5,5.3,1.07,5.9,0.0,5,217.22,125.71,32.22,12.86,49.29,0.0,437.29,444.89,1.74,4.82,Sangat Hemat,380.44,1699.53,756106,22683,47500,826289,118041,Tidak,Normal,86.0,Pertahankan pola pemakaian
USR-0283,2,125.4,Tidak_Ada,0,0,152,0.0,2.8,0.64,5.7,0.0,3,0.0,109.52,9.6,7.71,13.63,0.0,140.46,141.58,0.79,1.12,Sangat Hemat,122.2,1699.53,240615,7218,47500,295333,147667,Tidak,Normal,84.2,Pertahankan pola pemakaian
USR-0284,4,46.7,Bintang_1,1,826,178,9.7,0.6,0.64,6.5,0.45,3,241.64,127.99,3.04,7.71,31.06,4.75,416.19,431.24,3.62,8.91,Sangat Hemat,362.09,1699.53,732909,21987,47500,802397,200599,Tidak,Normal,76.6,Pertahankan pola pemakaian
USR-0285,4,151.9,Bintang_1,0,833,164,9.4,3.6,0.43,6.1,0.0,2,234.77,118.43,21.64,5.14,29.19,0.0,409.18,392.89,3.98,2.69,Sangat Hemat,355.98,1699.53,667722,20032,47500,735254,183813,Tidak,Normal,77.0,Pertahankan pola pemakaian
USR-0286,1,36.4,Bintang_4,0,406,151,8.3,3.3,0.64,6.4,0.0,3,100.43,108.88,17.11,7.71,7.67,0.0,241.81,237.0,1.99,6.65,Sangat Hemat,210.38,1699.53,402790,12084,47500,462374,462374,Tidak,Normal,45.7,Pertahankan pola pemakaian
USR-0287,4,68.3,Bintang_1,1,859,165,7.1,2.3,0.86,6.0,0.33,4,183.26,118.94,8.19,10.29,28.72,3.48,352.88,352.71,0.05,5.17,Sangat Hemat,307.0,1699.53,599434,17983,47500,664917,166229,Tidak,Normal,80.2,Pertahankan pola pemakaian
USR-0288,6,88.5,Tidak_Ada,0,0,142,0.0,1.6,0.43,4.4,0.0,2,0.0,102.32,5.1,5.14,31.65,0.0,144.22,150.84,4.59,1.63,Sangat Hemat,125.47,1699.53,256351,7691,47500,311541,51924,Tidak,Normal,94.6,Pertahankan pola pemakaian
USR-0289,4,79.4,Bintang_1,0,820,135,7.5,2.2,1.5,6.0,0.0,7,185.4,96.85,10.39,18.0,28.95,0.0,339.6,325.06,4.28,4.27,Sangat Hemat,295.45,1699.53,552450,16574,47500,616524,154131,Tidak,Normal,80.9,Pertahankan pola pemakaian
USR-0290,7,57.9,Bintang_4,0,433,166,5.3,6.5,0.86,6.1,0.0,4,68.89,119.68,30.22,10.29,50.93,0.0,280.01,275.45,1.63,4.84,Sangat Hemat,243.61,1699.53,468129,14044,47500,529673,75668,Tidak,Normal,91.0,Pertahankan pola pemakaian
USR-0291,2,66.9,Tidak_Ada,0,0,133,0.0,1.6,0.43,6.2,0.0,2,0.0,95.84,8.78,5.14,14.98,0.0,124.75,130.06,4.26,1.86,Sangat Hemat,108.53,1699.53,221040,6631,47500,275171,137586,Tidak,Normal,86.0,Pertahankan pola pemakaian
USR-0292,4,60.6,Bintang_1,1,849,163,7.3,1.0,0.43,5.4,0.48,2,184.75,117.25,4.78,5.14,25.95,5.08,342.95,356.59,3.98,5.66,Sangat Hemat,298.36,1699.53,606043,18181,47500,671724,167931,Tidak,Normal,80.7,Pertahankan pola pemakaian
USR-0293,5,58.6,Tidak_Ada,0,0,151,0.0,1.1,0.21,4.8,0.0,1,0.0,108.44,4.58,2.57,28.83,0.0,144.42,149.69,3.65,2.47,Sangat Hemat,125.64,1699.53,254409,7632,47500,309541,61908,Tidak,Normal,93.5,Pertahankan pola pemakaian
USR-0294,5,96.9,Bintang_1,0,928,103,8.6,2.7,0.43,6.6,0.0,2,238.68,74.46,10.65,5.14,39.75,0.0,368.68,361.62,1.92,3.8,Sangat Hemat,320.75,1699.53,614583,18437,47500,680520,136104,Tidak,Normal,83.4,Pertahankan pola pemakaian
USR-0295,1,81.6,Bintang_1,0,838,139,11.7,7.4,0.64,5.7,0.0,3,294.04,99.73,24.63,7.71,6.87,0.0,432.98,448.0,3.47,5.31,Sangat Hemat,376.69,1699.53,761387,22842,47500,831728,831728,Tidak,Normal,2.8,Pertahankan pola pemakaian
USR-0296,5,56.5,Tidak_Ada,0,0,157,0.0,10.2,1.29,6.2,0.0,6,0.0,112.82,47.11,15.43,37.03,0.0,212.39,212.5,0.05,3.76,Sangat Hemat,184.78,1699.53,361156,10835,47500,419490,83898,Tidak,Normal,90.5,Pertahankan pola pemakaian
USR-0297,3,98.6,Bintang_4,0,385,142,6.7,4.0,1.07,5.7,0.0,5,77.4,102.15,12.99,12.86,20.59,0.0,225.99,228.7,1.2,2.29,Sangat Hemat,196.61,1699.53,388684,11661,47500,447844,149281,Tidak,Normal,83.1,Pertahankan pola pemakaian
USR-0298,4,80.2,Tidak_Ada,0,0,99,0.0,1.5,0.64,6.0,0.0,3,0.0,71.33,8.02,7.71,28.77,0.0,115.84,112.81,2.61,1.44,Sangat Hemat,100.78,1699.53,191727,5752,47500,244979,61245,Tidak,Normal,93.5,Pertahankan pola pemakaian
USR-0299,2,95.7,Bintang_4,1,424,176,5.6,1.6,0.43,5.6,0.79,2,71.39,127.02,8.09,5.14,13.32,8.31,233.28,238.1,2.07,2.44,Sangat Hemat,202.95,1699.53,404652,12140,47500,464292,232146,Tidak,Normal,73.8,Pertahankan pola pemakaian
USR-0300,5,89.8,Tidak_Ada,0,0,153,0.0,4.6,0.86,5.0,0.0,4,0.0,110.44,23.0,10.29,30.19,0.0,173.91,170.91,1.72,1.94,Sangat Hemat,151.3,1699.53,290475,8714,47500,346689,69338,Tidak,Normal,92.2,Pertahankan pola pemakaian
USR-0301,8,53.9,Bintang_4,0,449,159,7.7,6.0,0.43,6.5,0.0,2,104.09,114.39,20.01,5.14,62.15,0.0,305.77,301.0,1.56,5.68,Sangat Hemat,266.02,1699.53,511558,15347,47500,574405,71801,Tidak,Normal,91.4,Pertahankan pola pemakaian
USR-0302,4,59.2,Bintang_4,0,360,141,5.5,1.8,0.64,5.4,0.0,3,59.52,101.18,8.07,7.71,25.91,0.0,202.4,205.17,1.37,3.42,Sangat Hemat,176.09,1699.53,348692,10461,47500,406652,101663,Tidak,Normal,88.6,Pertahankan pola pemakaian
USR-0303,9,93.5,Tidak_Ada,0,0,161,0.0,6.4,0.86,6.2,0.0,4,0.0,115.65,26.51,10.29,66.57,0.0,219.02,213.33,2.6,2.34,Sangat Hemat,190.55,1699.53,362554,10877,47500,420930,46770,Tidak,Normal,94.5,Pertahankan pola pemakaian
USR-0304,3,89.1,Bintang_1,0,918,187,8.8,2.4,0.21,6.4,0.0,1,241.81,134.42,10.88,2.57,23.08,0.0,412.76,401.39,2.76,4.63,Sangat Hemat,359.1,1699.53,682170,20465,47500,750135,250045,Tidak,Normal,69.1,Pertahankan pola pemakaian
USR-0305,3,71.5,Bintang_1,0,928,135,9.3,4.2,1.93,5.4,0.0,9,260.02,97.41,20.76,23.14,19.49,0.0,420.83,596.97,41.86,5.89,Sangat Hemat,366.12,1699.53,1014576,30437,47500,1092513,364171,Ya,Anomal,68.5,Pertahankan pola pemakaian
USR-0306,1,75.0,Tidak_Ada,0,0,183,0.0,5.4,0.86,4.8,0.0,4,0.0,132.0,21.82,10.29,5.76,0.0,169.87,174.59,2.78,2.26,Sangat Hemat,147.79,1699.53,296725,8902,47500,353127,353127,Tidak,Normal,61.9,Pertahankan pola pemakaian
USR-0307,4,112.6,Bintang_4,0,427,158,7.1,1.1,0.64,8.4,0.0,3,91.38,113.74,4.55,7.71,40.45,0.0,257.83,250.73,2.75,2.29,Sangat Hemat,224.31,1699.53,426120,12784,47500,486403,121601,Tidak,Normal,85.5,Pertahankan pola pemakaian
USR-0308,4,58.5,Tidak_Ada,0,0,133,0.0,3.6,0.64,5.5,0.0,3,0.0,95.48,18.22,7.71,26.27,0.0,147.68,151.92,2.87,2.52,Sangat Hemat,128.48,1699.53,258197,7746,47500,313443,78361,Tidak,Normal,91.7,Pertahankan pola pemakaian
USR-0309,1,87.2,Bintang_4,0,376,194,7.4,6.4,0.43,6.6,0.0,2,83.61,139.86,22.31,5.14,7.95,0.0,258.88,354.49,36.93,2.97,Sangat Hemat,225.22,1699.53,602474,18074,47500,668049,668049,Ya,Anomal,41.9,Pertahankan pola pemakaian
USR-0310,3,67.1,Bintang_4,1,372,158,7.8,1.9,0.43,7.9,0.58,2,87.5,113.64,7.43,5.14,28.58,6.14,248.44,252.88,1.79,3.7,Sangat Hemat,216.14,1699.53,429784,12894,47500,490178,163393,Tidak,Normal,81.4,Pertahankan pola pemakaian
USR-0311,4,66.7,Bintang_1,0,805,164,7.6,1.4,0.86,6.8,0.0,4,183.98,117.74,6.5,10.29,32.59,0.0,351.1,350.21,0.25,5.26,Sangat Hemat,305.46,1699.53,595196,17856,47500,660552,165138,Tidak,Normal,80.3,Pertahankan pola pemakaian
USR-0312,7,105.8,Bintang_4,0,387,145,8.9,3.7,0.43,5.7,0.0,2,102.7,104.12,19.42,5.14,47.88,0.0,279.26,286.13,2.46,2.64,Sangat Hemat,242.96,1699.53,486284,14589,47500,548372,78339,Tidak,Normal,91.0,Pertahankan pola pemakaian
USR-0313,4,96.1,Bintang_1,0,866,134,6.0,2.9,0.43,5.9,0.0,2,155.74,96.53,10.68,5.14,28.48,0.0,296.57,282.15,4.86,3.09,Sangat Hemat,258.02,1699.53,479516,14385,47500,541401,135350,Tidak,Normal,83.3,Pertahankan pola pemakaian
USR-0314,3,95.7,Bintang_1,1,795,153,9.5,2.2,0.43,5.2,0.62,2,226.31,110.42,13.65,5.14,18.6,6.56,380.68,373.28,1.94,3.98,Sangat Hemat,331.19,1699.53,634403,19032,47500,700935,233645,Tidak,Normal,71.5,Pertahankan pola pemakaian
USR-0315,1,113.7,Bintang_4,0,406,182,8.6,2.7,0.64,6.9,0.0,3,105.26,130.77,8.92,7.71,8.26,0.0,260.92,265.59,1.79,2.29,Sangat Hemat,227.0,1699.53,451381,13541,47500,512423,512423,Tidak,Normal,41.4,Pertahankan pola pemakaian
USR-0316,5,72.5,Bintang_1,1,848,144,3.4,1.0,0.43,6.6,0.44,2,85.3,103.54,5.88,5.14,39.4,4.58,243.84,255.73,4.87,3.36,Sangat Hemat,212.14,1699.53,434615,13038,47500,495153,99031,Tidak,Normal,89.0,Pertahankan pola pemakaian
USR-0317,7,91.4,Bintang_4,0,384,149,6.2,3.5,0.64,5.5,0.0,3,71.41,107.61,19.33,7.71,46.08,0.0,252.15,239.6,4.97,2.76,Sangat Hemat,219.37,1699.53,407215,12216,47500,466931,66704,Tidak,Normal,91.9,Pertahankan pola pemakaian
USR-0318,4,64.6,Tidak_Ada,1,0,179,0.0,7.1,0.64,5.0,0.71,3,0.0,128.97,22.71,7.71,23.8,7.5,190.69,190.88,0.1,2.95,Sangat Hemat,165.9,1699.53,324403,9732,47500,381635,95409,Tidak,Normal,89.3,Pertahankan pola pemakaian
USR-0319,4,80.7,Bintang_4,0,423,144,4.7,1.8,0.64,4.7,0.0,3,59.01,103.68,5.37,7.71,22.46,0.0,198.22,206.62,4.24,2.46,Sangat Hemat,172.45,1699.53,351161,10535,47500,409196,102299,Tidak,Normal,88.9,Pertahankan pola pemakaian
USR-0320,1,68.8,Bintang_4,1,394,160,6.7,1.7,0.64,7.0,0.63,3,79.44,115.35,8.51,7.71,8.38,6.64,226.04,234.26,3.64,3.29,Sangat Hemat,196.66,1699.53,398131,11944,47500,457575,457575,Tidak,Normal,49.2,Pertahankan pola pemakaian
USR-0321,8,74.5,Tidak_Ada,1,0,168,0.0,3.0,0.86,6.1,0.5,4,0.0,120.63,12.54,10.29,58.76,5.29,207.51,197.61,4.77,2.79,Sangat Hemat,180.53,1699.53,335847,10075,47500,393423,49178,Tidak,Normal,94.2,Pertahankan pola pemakaian
USR-0322,4,88.7,Bintang_1,0,895,146,9.1,15.0,1.29,6.2,0.0,6,245.34,105.17,53.88,15.43,29.83,0.0,449.64,450.97,0.3,5.07,Sangat Hemat,391.19,1699.53,766443,22993,47500,836936,209234,Tidak,Normal,74.8,Pertahankan pola pemakaian
USR-0323,1,54.1,Tidak_Ada,1,0,156,0.0,5.3,0.43,5.2,0.69,2,0.0,112.46,32.24,5.14,6.21,7.26,163.32,155.22,4.96,3.02,Sangat Hemat,142.09,1699.53,263807,7914,47500,319221,319221,Tidak,Normal,63.3,Pertahankan pola pemakaian
USR-0324,1,149.8,Bintang_4,0,335,163,8.8,2.6,0.64,4.5,0.0,3,88.36,117.52,8.8,7.71,5.44,0.0,227.84,361.43,58.64,1.52,Sangat Hemat,198.22,1699.53,614260,18428,47500,680188,680188,Ya,Anomal,48.8,Pertahankan pola pemakaian
USR-0325,2,50.6,Bintang_4,0,438,142,6.4,2.8,1.07,7.0,0.0,5,84.32,102.23,10.71,12.86,16.71,0.0,226.82,222.48,1.91,4.48,Sangat Hemat,197.33,1699.53,378112,11343,47500,436956,218478,Tidak,Normal,74.5,Pertahankan pola pemakaian
USR-0326,4,47.1,Bintang_1,0,850,166,7.2,5.6,0.21,6.0,0.0,1,183.89,119.75,22.06,2.57,29.0,0.0,357.27,366.76,2.66,7.59,Sangat Hemat,310.83,1699.53,623319,18700,47500,689519,172380,Tidak,Normal,79.9,Pertahankan pola pemakaian
USR-0327,1,108.0,Tidak_Ada,1,0,139,0.0,1.6,0.86,6.9,0.72,4,0.0,100.12,3.12,10.29,8.29,7.55,129.37,135.12,4.45,1.2,Sangat Hemat,112.55,1699.53,229646,6889,47500,284035,284035,Tidak,Normal,70.9,Pertahankan pola pemakaian
USR-0328,7,95.0,Bintang_4,0,366,136,6.7,3.9,0.64,5.6,0.0,3,73.3,98.28,17.98,7.71,47.16,0.0,244.43,256.06,4.76,2.57,Sangat Hemat,212.65,1699.53,435187,13056,47500,495742,70820,Tidak,Normal,92.2,Pertahankan pola pemakaian
USR-0329,4,89.6,Tidak_Ada,0,0,119,0.0,1.4,1.29,5.8,0.0,6,0.0,86.01,5.12,15.43,27.66,0.0,134.22,139.51,3.94,1.5,Sangat Hemat,116.77,1699.53,237098,7113,47500,291711,72928,Tidak,Normal,92.5,Pertahankan pola pemakaian
USR-0330,7,89.7,Bintang_4,0,383,140,7.8,4.7,0.64,6.7,0.0,3,89.79,100.75,24.76,7.71,56.39,0.0,279.41,271.14,2.96,3.11,Sangat Hemat,243.09,1699.53,460813,13824,47500,522138,74591,Tidak,Normal,91.0,Pertahankan pola pemakaian
USR-0331,6,71.7,Bintang_4,0,458,134,6.6,2.3,0.21,6.7,0.0,1,90.15,96.26,12.18,2.57,48.47,0.0,249.63,242.01,3.05,3.48,Sangat Hemat,217.18,1699.53,411302,12339,47500,471141,78524,Tidak,Normal,90.7,Pertahankan pola pemakaian
USR-0332,5,52.6,Bintang_1,1,871,142,7.6,3.1,0.86,6.8,0.75,4,198.7,102.23,14.44,10.29,40.79,7.9,374.34,379.04,1.26,7.12,Sangat Hemat,325.67,1699.53,644197,19326,47500,711023,142205,Tidak,Normal,83.2,Pertahankan pola pemakaian
USR-0333,7,73.9,Bintang_1,0,852,162,11.5,2.2,0.64,5.7,0.0,3,294.01,116.81,10.34,7.71,47.92,0.0,476.8,478.9,0.44,6.45,Sangat Hemat,414.81,1699.53,813898,24417,47500,885815,126545,Tidak,Normal,84.7,Pertahankan pola pemakaian
USR-0334,6,56.8,Bintang_1,0,853,115,6.6,4.1,0.43,6.6,0.0,2,169.46,83.15,19.21,5.14,47.62,0.0,324.59,308.67,4.9,5.71,Sangat Hemat,282.39,1699.53,524595,15738,47500,587832,97972,Tidak,Normal,87.9,Pertahankan pola pemakaian
USR-0335,8,101.3,Tidak_Ada,0,0,111,0.0,2.4,0.86,7.1,0.0,4,0.0,79.56,9.47,10.29,68.25,0.0,167.57,242.33,44.61,1.65,Sangat Hemat,145.79,1699.53,411844,12355,47500,471700,58962,Ya,Anomal,95.3,Pertahankan pola pemakaian
USR-0336,4,68.4,Bintang_4,0,382,135,6.3,9.9,1.29,5.9,0.0,6,72.39,97.21,39.16,15.43,28.3,0.0,252.49,262.76,4.07,3.69,Sangat Hemat,219.67,1699.53,446570,13397,47500,507467,126867,Tidak,Normal,85.8,Pertahankan pola pemakaian
USR-0337,2,53.9,Bintang_1,0,908,159,12.5,6.4,0.64,5.5,0.0,3,340.7,114.64,36.24,7.71,13.17,0.0,512.46,532.88,3.98,9.5,Sangat Hemat,445.84,1699.53,905639,27169,47500,980308,490154,Tidak,Normal,42.5,Pertahankan pola pemakaian
USR-0338,8,64.3,Bintang_4,0,361,156,8.6,1.2,1.29,7.3,0.0,6,93.12,112.16,6.42,15.43,70.49,0.0,297.62,288.81,2.96,4.63,Sangat Hemat,258.93,1699.53,490834,14725,47500,553059,69132,Tidak,Normal,91.6,Pertahankan pola pemakaian
USR-0339,6,83.2,Tidak_Ada,0,0,135,0.0,3.0,1.07,5.3,0.0,5,0.0,96.98,14.29,12.86,38.49,0.0,162.62,160.7,1.18,1.95,Sangat Hemat,141.48,1699.53,273107,8193,47500,328800,54800,Tidak,Normal,93.9,Pertahankan pola pemakaian
USR-0340,2,59.1,Tidak_Ada,0,0,173,0.0,4.2,0.43,6.6,0.0,2,0.0,124.84,21.3,5.14,15.91,0.0,167.19,260.65,55.9,2.83,Sangat Hemat,145.45,1699.53,442990,13290,47500,503780,251890,Ya,Anomal,81.2,Pertahankan pola pemakaian
USR-0341,5,54.0,Tidak_Ada,0,0,137,0.0,2.1,0.86,5.9,0.0,4,0.0,98.52,9.18,10.29,35.65,0.0,153.63,159.05,3.53,2.85,Sangat Hemat,133.66,1699.53,270315,8109,47500,325924,65185,Tidak,Normal,93.1,Pertahankan pola pemakaian
USR-0342,4,78.4,Tidak_Ada,0,0,159,0.0,5.6,0.21,4.2,0.0,1,0.0,114.66,26.26,2.57,19.96,0.0,163.45,163.97,0.32,2.08,Sangat Hemat,142.2,1699.53,278672,8360,47500,334532,83633,Tidak,Normal,90.8,Pertahankan pola pemakaian
USR-0343,3,78.4,Tidak_Ada,0,0,143,0.0,5.2,0.86,7.1,0.0,4,0.0,102.78,26.4,10.29,25.66,0.0,165.12,172.85,4.68,2.1,Sangat Hemat,143.65,1699.53,293766,8813,47500,350079,116693,Tidak,Normal,87.6,Pertahankan pola pemakaian
USR-0344,4,60.3,Tidak_Ada,0,0,133,0.0,2.6,0.21,3.2,0.0,1,0.0,95.49,6.81,2.57,15.56,0.0,120.43,124.03,2.99,2.0,Sangat Hemat,104.77,1699.53,210797,6324,47500,264621,66155,Tidak,Normal,93.2,Pertahankan pola pemakaian
USR-0345,3,61.1,Bintang_1,1,841,138,11.2,4.9,0.43,4.0,0.43,2,282.03,99.29,26.03,5.14,14.46,4.54,431.49,451.04,4.53,7.07,Sangat Hemat,375.4,1699.53,766556,22997,47500,837052,279017,Tidak,Normal,67.7,Pertahankan pola pemakaian
USR-0346,3,78.1,Bintang_1,0,900,165,4.8,0.6,1.07,6.5,0.0,5,130.18,118.57,3.36,12.86,23.5,0.0,288.46,295.14,2.31,3.69,Sangat Hemat,250.96,1699.53,501602,15048,47500,564150,188050,Tidak,Normal,78.4,Pertahankan pola pemakaian
USR-0347,6,43.4,Bintang_4,0,405,157,10.2,6.1,0.21,6.5,0.0,1,124.35,113.2,23.31,2.57,46.99,0.0,310.42,322.14,3.78,7.16,Sangat Hemat,270.07,1699.53,547495,16425,47500,611420,101903,Tidak,Normal,88.4,Pertahankan pola pemakaian
USR-0348,3,44.0,Bintang_1,0,953,169,9.5,4.6,0.86,5.4,0.0,4,272.9,121.94,26.0,10.29,19.3,0.0,450.43,465.34,3.31,10.24,Sangat Hemat,391.87,1699.53,790860,23726,47500,862085,287362,Tidak,Normal,66.3,Pertahankan pola pemakaian
USR-0349,3,56.0,Bintang_4,1,378,157,6.7,1.4,0.21,6.1,0.31,1,76.54,113.2,3.54,2.57,22.13,3.26,221.25,215.81,2.46,3.95,Sangat Hemat,192.49,1699.53,366770,11003,47500,425273,141758,Tidak,Normal,83.4,Pertahankan pola pemakaian
USR-0350,3,66.8,Bintang_1,0,833,118,6.9,3.2,0.64,3.5,0.0,3,172.17,84.8,15.23,7.71,12.49,0.0,292.4,284.49,2.7,4.38,Sangat Hemat,254.39,1699.53,483503,14505,47500,545508,181836,Tidak,Normal,78.1,Pertahankan pola pemakaian
USR-0351,5,80.3,Bintang_1,0,837,192,11.9,0.8,0.43,6.7,0.0,2,297.55,138.45,3.66,5.14,40.24,0.0,485.04,502.71,3.64,6.04,Sangat Hemat,421.98,1699.53,854377,25631,47500,927508,185502,Tidak,Normal,78.2,Pertahankan pola pemakaian
USR-0352,3,120.7,Tidak_Ada,0,0,158,0.0,1.7,0.86,6.2,0.0,4,0.0,113.4,7.26,10.29,22.5,0.0,153.45,147.07,4.15,1.27,Sangat Hemat,133.5,1699.53,249954,7499,47500,304953,101651,Tidak,Normal,88.5,Pertahankan pola pemakaian
USR-0353,4,97.2,Bintang_1,0,915,160,10.4,5.2,0.64,6.0,0.0,3,286.0,115.41,23.7,7.71,28.58,0.0,461.41,660.36,43.12,4.75,Sangat Hemat,401.42,1699.53,1122296,33669,47500,1203465,300866,Ya,Anomal,74.1,Pertahankan pola pemakaian
USR-0354,3,68.1,Tidak_Ada,1,0,142,0.0,2.7,1.07,6.0,0.46,5,0.0,102.57,13.55,12.86,21.68,4.87,155.53,160.51,3.21,2.28,Sangat Hemat,135.31,1699.53,272799,8184,47500,328483,109494,Tidak,Normal,88.4,Pertahankan pola pemakaian
USR-0355,3,71.5,Bintang_1,0,848,172,7.6,2.6,1.29,6.5,0.0,6,194.31,124.03,7.5,15.43,23.38,0.0,364.65,376.07,3.13,5.1,Sangat Hemat,317.24,1699.53,639138,19174,47500,705812,235271,Tidak,Normal,72.7,Pertahankan pola pemakaian
USR-0356,6,50.7,Tidak_Ada,0,0,128,0.0,2.8,0.86,6.0,0.0,4,0.0,92.26,15.08,10.29,42.99,0.0,160.62,154.82,3.61,3.17,Sangat Hemat,139.74,1699.53,263121,7894,47500,318515,53086,Tidak,Normal,94.0,Pertahankan pola pemakaian
USR-0357,4,71.5,Tidak_Ada,0,0,162,0.0,2.6,1.07,4.1,0.0,5,0.0,116.78,10.76,12.86,19.8,0.0,160.2,160.0,0.12,2.24,Sangat Hemat,139.37,1699.53,271931,8158,47500,327589,81897,Tidak,Normal,91.0,Pertahankan pola pemakaian
USR-0358,7,65.1,Tidak_Ada,0,0,108,0.0,4.9,1.5,8.2,0.0,7,0.0,78.05,26.61,18.0,68.85,0.0,191.52,250.94,31.03,2.94,Sangat Hemat,166.62,1699.53,426478,12794,47500,486772,69539,Ya,Anomal,93.9,Pertahankan pola pemakaian
USR-0359,1,80.6,Bintang_4,1,407,164,7.1,1.9,0.43,7.2,0.61,2,86.3,117.75,9.52,5.14,8.64,6.41,233.77,229.65,1.76,2.9,Sangat Hemat,203.38,1699.53,390296,11709,47500,449505,449505,Tidak,Normal,47.5,Pertahankan pola pemakaian
USR-0360,6,53.9,Bintang_4,0,402,128,7.1,3.5,0.86,4.7,0.0,4,85.8,92.45,14.38,10.29,33.95,0.0,236.86,246.74,4.17,4.39,Sangat Hemat,206.07,1699.53,419343,12580,47500,479423,79904,Tidak,Normal,91.1,Pertahankan pola pemakaian
USR-0361,3,86.4,Bintang_1,1,822,156,6.0,1.4,1.29,5.7,0.35,6,147.0,111.99,6.06,15.43,20.36,3.64,304.48,309.14,1.53,3.53,Sangat Hemat,264.9,1699.53,525391,15762,47500,588653,196218,Tidak,Normal,77.2,Pertahankan pola pemakaian
USR-0362,4,123.1,Tidak_Ada,0,0,177,0.0,4.2,0.64,5.8,0.0,3,0.0,127.55,19.0,7.71,27.67,0.0,181.93,190.67,4.8,1.48,Sangat Hemat,158.28,1699.53,324043,9721,47500,381265,95316,Tidak,Normal,89.8,Pertahankan pola pemakaian
USR-0363,3,69.3,Tidak_Ada,0,0,166,0.0,2.2,1.5,7.1,0.0,7,0.0,119.85,13.33,18.0,25.48,0.0,176.66,169.01,4.33,2.55,Sangat Hemat,153.69,1699.53,287229,8617,47500,343346,114449,Tidak,Normal,86.8,Pertahankan pola pemakaian
USR-0364,5,82.9,Tidak_Ada,0,0,174,0.0,2.7,1.29,3.8,0.0,6,0.0,125.63,9.21,15.43,23.04,0.0,173.32,171.49,1.06,2.09,Sangat Hemat,150.79,1699.53,291445,8743,47500,347689,69538,Tidak,Normal,92.2,Pertahankan pola pemakaian
USR-0365,3,91.7,Bintang_4,0,416,172,7.0,2.2,0.64,5.5,0.0,3,86.87,124.14,8.98,7.71,19.8,0.0,247.51,255.81,3.35,2.7,Sangat Hemat,215.34,1699.53,434753,13043,47500,495296,165099,Tidak,Normal,81.5,Pertahankan pola pemakaian
USR-0366,2,62.6,Bintang_4,0,438,140,7.5,2.4,0.21,4.2,0.0,1,98.61,100.45,7.26,2.57,10.17,0.0,219.06,217.37,0.77,3.5,Sangat Hemat,190.58,1699.53,369423,11083,47500,428006,214003,Tidak,Normal,75.4,Pertahankan pola pemakaian
USR-0367,1,77.9,Bintang_4,0,413,162,4.9,1.5,0.43,5.7,0.0,2,61.18,116.62,6.86,5.14,6.86,0.0,196.65,191.97,2.38,2.53,Sangat Hemat,171.09,1699.53,326262,9788,47500,383550,383550,Tidak,Normal,55.8,Pertahankan pola pemakaian
USR-0368,4,72.3,Bintang_1,0,838,116,7.1,3.3,0.86,5.5,0.0,4,177.6,83.16,13.05,10.29,26.53,0.0,310.62,326.08,4.98,4.3,Sangat Hemat,270.24,1699.53,554187,16626,47500,618313,154578,Tidak,Normal,82.6,Pertahankan pola pemakaian
USR-0369,9,74.5,Bintang_4,0,408,136,7.7,3.8,0.86,6.1,0.0,4,94.69,98.11,15.35,10.29,65.66,0.0,284.09,294.69,3.73,3.81,Sangat Hemat,247.16,1699.53,500838,15025,47500,563363,62596,Tidak,Normal,92.9,Pertahankan pola pemakaian
USR-0370,2,54.9,Bintang_1,1,867,178,8.8,1.2,1.07,5.4,0.28,5,228.42,128.05,7.14,12.86,12.95,2.94,392.35,394.18,0.46,7.14,Sangat Hemat,341.35,1699.53,669914,20097,47500,737511,368756,Tidak,Normal,55.9,Pertahankan pola pemakaian
USR-0371,6,72.6,Tidak_Ada,0,0,142,0.0,1.9,0.86,5.2,0.0,4,0.0,102.46,7.14,10.29,37.79,0.0,157.68,158.65,0.62,2.17,Sangat Hemat,137.18,1699.53,269632,8089,47500,325221,54204,Tidak,Normal,94.1,Pertahankan pola pemakaian
USR-0372,5,85.7,Bintang_1,0,868,113,9.6,2.8,0.86,6.6,0.0,4,249.81,81.1,12.06,10.29,39.72,0.0,392.97,373.59,4.93,4.58,Sangat Hemat,341.88,1699.53,634926,19048,47500,701474,140295,Tidak,Normal,82.4,Pertahankan pola pemakaian
USR-0373,3,119.6,Bintang_4,0,382,190,10.1,1.9,0.43,6.5,0.0,2,115.26,137.0,7.76,5.14,23.24,0.0,288.39,302.26,4.81,2.41,Sangat Hemat,250.9,1699.53,513705,15411,47500,576616,192205,Tidak,Normal,78.4,Pertahankan pola pemakaian
USR-0374,3,100.7,Tidak_Ada,0,0,161,0.0,2.4,1.29,6.6,0.0,6,0.0,116.1,9.85,15.43,23.59,0.0,164.96,170.02,3.06,1.64,Sangat Hemat,143.52,1699.53,288949,8668,47500,345118,115039,Tidak,Normal,87.7,Pertahankan pola pemakaian
USR-0375,2,153.0,Bintang_4,0,403,165,9.7,7.2,0.21,5.8,0.0,1,116.63,119.01,50.14,2.57,13.98,0.0,302.33,288.32,4.63,1.98,Sangat Hemat,263.03,1699.53,490013,14700,47500,552214,276107,Tidak,Normal,66.1,Pertahankan pola pemakaian
USR-0376,4,55.0,Bintang_4,0,348,130,4.1,1.5,0.21,5.4,0.0,1,42.46,93.88,4.34,2.57,26.06,0.0,169.31,163.83,3.24,3.08,Sangat Hemat,147.3,1699.53,278428,8353,47500,334281,83570,Tidak,Normal,90.5,Pertahankan pola pemakaian
USR-0377,3,97.7,Bintang_4,1,426,156,7.2,0.7,1.5,5.9,0.5,7,92.28,112.09,3.45,18.0,21.17,5.26,252.25,260.35,3.21,2.58,Sangat Hemat,219.46,1699.53,442476,13274,47500,503250,167750,Tidak,Normal,81.1,Pertahankan pola pemakaian
USR-0378,1,76.8,Bintang_4,0,388,155,6.5,1.9,0.64,6.5,0.0,3,75.61,111.71,12.69,7.71,7.8,0.0,215.53,206.62,4.13,2.81,Sangat Hemat,187.51,1699.53,351160,10535,47500,409195,409195,Tidak,Normal,51.6,Pertahankan pola pemakaian
USR-0379,5,154.9,Bintang_4,1,443,134,6.2,2.2,0.64,3.8,0.22,3,82.34,96.17,12.21,7.71,22.94,2.3,223.68,233.56,4.42,1.44,Sangat Hemat,194.6,1699.53,396947,11908,47500,456355,91271,Tidak,Normal,90.0,Pertahankan pola pemakaian
USR-0380,4,54.3,Bintang_4,1,396,147,8.0,2.0,0.21,6.4,0.19,1,94.95,105.55,9.2,2.57,30.69,2.02,244.99,257.24,5.0,4.52,Sangat Hemat,213.14,1699.53,437189,13116,47500,497805,124451,Tidak,Normal,86.2,Pertahankan pola pemakaian
USR-0381,7,53.7,Bintang_4,1,443,120,6.7,3.2,0.43,6.3,0.51,2,88.79,86.39,11.0,5.14,53.0,5.37,249.69,259.34,3.86,4.65,Sangat Hemat,217.23,1699.53,440755,13223,47500,501477,71640,Tidak,Normal,92.0,Pertahankan pola pemakaian
USR-0382,4,58.4,Bintang_1,0,877,143,7.5,1.5,0.21,6.1,0.0,1,198.42,103.01,8.32,2.57,29.1,0.0,341.42,349.57,2.39,5.85,Sangat Hemat,297.03,1699.53,594110,17823,47500,659433,164858,Tidak,Normal,80.8,Pertahankan pola pemakaian
USR-0383,7,34.2,Bintang_4,0,429,169,4.6,1.3,0.21,5.9,0.0,1,59.46,122.02,7.18,2.57,49.15,0.0,240.37,240.07,0.13,7.02,Sangat Hemat,209.13,1699.53,408003,12240,47500,467743,66820,Tidak,Normal,92.3,Pertahankan pola pemakaian
USR-0384,4,59.9,Tidak_Ada,0,0,135,0.0,1.8,0.43,3.4,0.0,2,0.0,97.25,5.66,5.14,16.48,0.0,124.54,119.33,4.18,2.08,Sangat Hemat,108.35,1699.53,202813,6084,47500,256398,64099,Tidak,Normal,93.0,Pertahankan pola pemakaian
USR-0385,3,55.2,Bintang_1,0,851,188,9.4,1.8,0.64,5.6,0.0,3,239.98,135.47,7.73,7.71,20.02,0.0,410.91,420.38,2.3,7.44,Sangat Hemat,357.49,1699.53,714449,21433,47500,783382,261127,Tidak,Normal,69.2,Pertahankan pola pemakaian
USR-0386,1,75.9,Tidak_Ada,0,0,121,0.0,9.7,0.43,7.8,0.0,2,0.0,87.32,33.13,5.14,9.35,0.0,134.94,133.55,1.03,1.78,Sangat Hemat,117.4,1699.53,226976,6809,47500,281285,281285,Tidak,Normal,69.7,Pertahankan pola pemakaian
USR-0387,4,81.1,Bintang_4,1,396,145,7.2,6.9,1.5,6.0,0.36,7,85.42,104.25,13.29,18.0,28.86,3.77,253.6,255.38,0.7,3.13,Sangat Hemat,220.63,1699.53,434034,13021,47500,494555,123639,Tidak,Normal,85.8,Pertahankan pola pemakaian
USR-0388,1,138.8,Bintang_1,1,919,137,7.1,1.0,0.86,5.7,0.5,4,195.02,98.55,3.39,10.29,6.83,5.28,319.36,312.76,2.07,2.3,Sangat Hemat,277.84,1699.53,531541,15946,47500,594987,594987,Tidak,Normal,28.3,Pertahankan pola pemakaian
USR-0389,3,100.4,Tidak_Ada,0,0,146,0.0,0.9,0.86,6.0,0.0,4,0.0,105.41,3.92,10.29,21.66,0.0,141.28,137.63,2.58,1.41,Sangat Hemat,122.91,1699.53,233912,7017,47500,288429,96143,Tidak,Normal,89.4,Pertahankan pola pemakaian
USR-0390,3,58.8,Bintang_1,0,914,177,9.3,2.6,0.64,6.4,0.0,3,256.45,127.75,12.97,7.71,22.88,0.0,427.75,420.24,1.76,7.27,Sangat Hemat,372.15,1699.53,714209,21426,47500,783135,261045,Tidak,Normal,68.0,Pertahankan pola pemakaian
USR-0391,2,52.6,Bintang_4,1,420,130,5.2,8.6,0.86,6.7,0.42,4,65.92,93.82,36.02,10.29,15.98,4.45,226.48,233.59,3.14,4.31,Sangat Hemat,197.04,1699.53,396991,11910,47500,456400,228200,Tidak,Normal,74.6,Pertahankan pola pemakaian
USR-0392,5,85.5,Bintang_1,0,877,141,10.0,4.1,0.86,5.8,0.0,4,264.14,101.5,23.26,10.29,34.63,0.0,433.81,430.62,0.74,5.07,Sangat Hemat,377.41,1699.53,731854,21956,47500,801309,160262,Tidak,Normal,80.5,Pertahankan pola pemakaian
USR-0393,5,45.4,Bintang_4,0,401,163,5.3,2.7,1.5,6.4,0.0,7,63.64,117.42,14.46,18.0,38.55,0.0,252.08,247.33,1.88,5.56,Sangat Hemat,219.31,1699.53,420343,12610,47500,480454,96091,Tidak,Normal,88.7,Pertahankan pola pemakaian
USR-0394,5,136.7,Tidak_Ada,0,0,152,0.0,2.1,0.86,7.7,0.0,4,0.0,109.34,9.07,10.29,46.06,0.0,174.76,173.59,0.67,1.28,Sangat Hemat,152.04,1699.53,295015,8850,47500,351366,70273,Tidak,Normal,92.2,Pertahankan pola pemakaian
USR-0395,3,108.8,Tidak_Ada,1,0,154,0.0,5.2,0.86,7.0,0.76,4,0.0,110.52,22.17,10.29,25.22,7.96,176.15,167.91,4.68,1.62,Sangat Hemat,153.25,1699.53,285372,8561,47500,341434,113811,Tidak,Normal,86.8,Pertahankan pola pemakaian
USR-0396,4,61.1,Bintang_4,0,400,131,7.2,3.0,0.21,8.3,0.0,1,87.01,94.1,14.65,2.57,40.03,0.0,238.37,247.68,3.91,3.9,Sangat Hemat,207.38,1699.53,420943,12628,47500,481071,120268,Tidak,Normal,86.6,Pertahankan pola pemakaian
USR-0397,1,39.5,Bintang_1,0,885,149,9.7,7.7,0.21,5.3,0.0,1,256.43,106.97,34.45,2.57,6.41,0.0,406.83,408.94,0.52,10.29,Sangat Hemat,353.95,1699.53,695005,20850,47500,763355,763355,Tidak,Normal,8.6,Pertahankan pola pemakaian
USR-0398,3,115.6,Bintang_1,0,904,173,3.6,1.0,0.21,7.7,0.0,1,96.57,124.29,3.18,2.57,27.63,0.0,254.25,244.2,3.95,2.2,Sangat Hemat,221.19,1699.53,415023,12451,47500,474974,158325,Tidak,Normal,81.0,Pertahankan pola pemakaian
USR-0399,3,69.2,Tidak_Ada,0,0,118,0.0,3.5,1.07,5.2,0.0,5,0.0,84.82,14.84,12.86,18.75,0.0,131.27,128.5,2.12,1.9,Sangat Hemat,114.21,1699.53,218384,6552,47500,272435,90812,Tidak,Normal,90.2,Pertahankan pola pemakaian
USR-0400,8,111.0,Tidak_Ada,1,0,136,0.0,1.9,1.29,6.4,0.32,6,0.0,97.96,9.89,15.43,60.99,3.41,187.67,196.75,4.84,1.69,Sangat Hemat,163.28,1699.53,334380,10031,47500,391912,48989,Tidak,Normal,94.7,Pertahankan pola pemakaian
USR-0401,4,41.2,Tidak_Ada,0,0,114,0.0,3.5,0.64,6.7,0.0,3,0.0,81.86,19.81,7.71,32.32,0.0,141.69,143.01,0.93,3.44,Sangat Hemat,123.27,1699.53,243055,7292,47500,297847,74462,Tidak,Normal,92.0,Pertahankan pola pemakaian
USR-0402,4,58.4,Bintang_1,0,906,161,10.2,3.2,1.29,5.5,0.0,6,277.09,115.73,16.95,15.43,26.35,0.0,451.55,442.13,2.09,7.74,Sangat Hemat,392.85,1699.53,751415,22542,47500,821457,205364,Tidak,Normal,74.6,Pertahankan pola pemakaian
USR-0403,4,72.1,Tidak_Ada,0,0,175,0.0,3.7,1.5,6.1,0.0,7,0.0,125.65,17.72,18.0,29.22,0.0,190.59,189.18,0.74,2.64,Sangat Hemat,165.81,1699.53,321523,9646,47500,378669,94667,Tidak,Normal,89.3,Pertahankan pola pemakaian
USR-0404,2,73.2,Bintang_4,0,374,146,5.3,4.9,0.43,6.9,0.0,2,59.8,105.36,28.4,5.14,16.59,0.0,215.29,210.09,2.42,2.94,Sangat Hemat,187.3,1699.53,357057,10712,47500,415269,207634,Tidak,Normal,75.8,Pertahankan pola pemakaian
USR-0405,5,61.5,Bintang_4,0,335,130,4.5,6.3,0.64,5.3,0.0,3,44.81,93.52,30.55,7.71,31.74,0.0,208.33,198.58,4.68,3.39,Sangat Hemat,181.25,1699.53,337488,10125,47500,395113,79023,Tidak,Normal,90.6,Pertahankan pola pemakaian
USR-0406,2,89.5,Tidak_Ada,1,0,130,0.0,8.8,0.64,7.7,0.54,3,0.0,93.94,38.75,7.71,18.41,5.69,164.51,170.13,3.42,1.84,Sangat Hemat,143.12,1699.53,289147,8674,47500,345321,172661,Tidak,Normal,81.5,Pertahankan pola pemakaian
USR-0407,5,49.6,Bintang_1,1,790,144,8.7,2.7,0.43,4.6,0.39,2,206.8,103.72,16.0,5.14,27.69,4.1,363.45,355.91,2.08,7.33,Sangat Hemat,316.2,1699.53,604876,18146,47500,670522,134104,Tidak,Normal,83.7,Pertahankan pola pemakaian
USR-0408,3,68.5,Tidak_Ada,0,0,144,0.0,2.0,0.43,7.9,0.0,2,0.0,103.67,10.11,5.14,28.58,0.0,147.5,246.56,67.16,2.15,Sangat Hemat,128.33,1699.53,419033,12571,47500,479104,159701,Ya,Anomal,89.0,Pertahankan pola pemakaian
USR-0409,4,75.1,Bintang_1,1,826,168,8.4,1.3,0.21,7.0,0.36,1,209.4,121.13,7.39,2.57,33.61,3.82,377.92,377.11,0.21,5.03,Sangat Hemat,328.79,1699.53,640905,19227,47500,707633,176908,Tidak,Normal,78.8,Pertahankan pola pemakaian
USR-0410,6,86.2,Tidak_Ada,1,0,137,0.0,3.5,0.43,5.9,0.6,2,0.0,98.37,12.11,5.14,42.55,6.31,164.48,159.26,3.17,1.91,Sangat Hemat,143.1,1699.53,270674,8120,47500,326294,54382,Tidak,Normal,93.8,Pertahankan pola pemakaian
USR-0411,3,92.4,Bintang_4,0,387,159,8.0,4.5,0.86,5.6,0.0,4,93.21,114.27,16.71,10.29,20.15,0.0,254.63,262.32,3.02,2.76,Sangat Hemat,221.53,1699.53,445814,13374,47500,506689,168896,Tidak,Normal,80.9,Pertahankan pola pemakaian
USR-0412,9,48.6,Bintang_4,0,432,144,6.3,1.2,0.21,5.5,0.0,1,81.98,103.6,4.56,2.57,59.32,0.0,252.03,248.93,1.23,5.19,Sangat Hemat,219.27,1699.53,423072,12692,47500,483265,53696,Tidak,Normal,93.7,Pertahankan pola pemakaian
USR-0413,4,42.1,Bintang_1,1,799,135,11.6,5.4,1.07,5.9,0.55,5,279.35,97.28,25.19,12.86,28.15,5.8,448.63,457.94,2.08,10.66,Sangat Hemat,390.3,1699.53,778291,23349,47500,849140,212285,Tidak,Normal,74.8,Pertahankan pola pemakaian
USR-0414,4,112.6,Bintang_4,0,356,143,10.4,2.6,0.64,6.0,0.0,3,110.79,103.24,15.71,7.71,28.57,0.0,266.02,274.99,3.37,2.36,Sangat Hemat,231.44,1699.53,467356,14021,47500,528877,132219,Tidak,Normal,85.1,Pertahankan pola pemakaian
USR-0415,1,80.9,Bintang_4,1,420,157,6.7,1.3,0.64,7.3,0.73,3,85.03,112.85,4.45,7.71,8.71,7.62,226.36,236.84,4.63,2.8,Sangat Hemat,196.93,1699.53,402510,12075,47500,462085,462085,Tidak,Normal,49.2,Pertahankan pola pemakaian
USR-0416,7,55.4,Bintang_4,1,394,168,5.3,1.6,0.64,8.0,0.31,3,62.13,121.18,8.68,7.71,66.94,3.2,269.85,258.67,4.14,4.87,Sangat Hemat,234.77,1699.53,439617,13189,47500,500306,71472,Tidak,Normal,91.3,Pertahankan pola pemakaian
USR-0417,4,123.9,Bintang_1,0,930,145,7.4,1.5,0.86,6.2,0.0,4,205.09,104.37,5.28,10.29,29.76,0.0,354.78,590.2,66.36,2.86,Sangat Hemat,308.66,1699.53,1003069,30092,47500,1080661,270165,Ya,Anomal,80.1,Pertahankan pola pemakaian
USR-0418,4,75.0,Bintang_1,1,811,126,10.9,1.6,0.0,5.2,0.22,0,264.43,90.66,9.99,0.0,24.74,2.3,392.13,394.03,0.48,5.23,Sangat Hemat,341.15,1699.53,669661,20090,47500,737251,184313,Tidak,Normal,78.0,Pertahankan pola pemakaian
USR-0419,4,108.8,Bintang_1,0,799,170,7.3,3.8,0.86,5.5,0.0,4,175.15,122.4,11.72,10.29,26.18,0.0,345.73,337.58,2.36,3.18,Sangat Hemat,300.79,1699.53,573727,17212,47500,638438,159610,Tidak,Normal,80.6,Pertahankan pola pemakaian
USR-0420,3,73.7,Bintang_4,0,376,132,7.1,4.6,1.29,5.8,0.0,6,80.49,95.07,23.58,15.43,20.94,0.0,235.51,234.78,0.31,3.19,Sangat Hemat,204.89,1699.53,399011,11970,47500,458482,152827,Tidak,Normal,82.4,Pertahankan pola pemakaian
USR-0421,1,148.1,Tidak_Ada,0,0,155,0.0,7.5,0.86,5.0,0.0,4,0.0,111.76,39.87,10.29,5.96,0.0,167.88,160.71,4.27,1.13,Sangat Hemat,146.06,1699.53,273125,8194,47500,328819,328819,Tidak,Normal,62.3,Pertahankan pola pemakaian
USR-0422,3,133.1,Tidak_Ada,1,0,150,0.0,1.8,0.21,4.8,0.65,1,0.0,107.64,9.04,2.57,17.36,6.86,143.47,143.5,0.02,1.08,Sangat Hemat,124.82,1699.53,243875,7316,47500,298691,99564,Tidak,Normal,89.3,Pertahankan pola pemakaian
USR-0423,9,66.0,Bintang_4,0,395,147,3.9,3.3,0.64,8.1,0.0,3,46.27,105.72,12.39,7.71,87.45,0.0,259.55,371.88,43.28,3.93,Sangat Hemat,225.8,1699.53,632014,18960,47500,698475,77608,Ya,Anomal,93.5,Pertahankan pola pemakaian
USR-0424,2,101.2,Bintang_1,1,875,140,7.1,1.8,0.0,6.3,0.51,0,185.1,100.99,6.54,0.0,15.13,5.31,313.07,323.67,3.39,3.09,Sangat Hemat,272.37,1699.53,550085,16503,47500,614088,307044,Tidak,Normal,64.8,Pertahankan pola pemakaian
USR-0425,7,90.2,Tidak_Ada,1,0,162,0.0,2.8,1.07,5.2,0.32,5,0.0,116.93,15.53,12.86,43.4,3.4,192.12,197.11,2.59,2.13,Sangat Hemat,167.15,1699.53,334991,10050,47500,392541,56077,Tidak,Normal,93.8,Pertahankan pola pemakaian
USR-0426,2,116.2,Bintang_4,0,396,80,6.1,1.1,0.64,6.8,0.0,3,72.72,57.6,6.09,7.71,16.36,0.0,160.48,153.64,4.26,1.38,Sangat Hemat,139.62,1699.53,261124,7834,47500,316458,158229,Tidak,Normal,82.0,Pertahankan pola pemakaian
USR-0427,5,51.4,Bintang_1,0,800,173,8.9,1.4,0.43,4.8,0.0,2,213.89,124.37,7.53,5.14,28.93,0.0,379.85,392.63,3.36,7.4,Sangat Hemat,330.47,1699.53,667287,20019,47500,734806,146961,Tidak,Normal,82.9,Pertahankan pola pemakaian
USR-0428,1,91.5,Bintang_1,1,885,132,9.1,4.4,0.86,4.9,0.79,4,240.78,94.86,24.38,10.29,5.88,8.26,384.45,377.72,1.75,4.2,Sangat Hemat,334.47,1699.53,641954,19259,47500,708712,708712,Tidak,Normal,13.7,Pertahankan pola pemakaian
USR-0429,3,104.3,Bintang_1,1,848,158,9.9,1.1,0.86,5.2,0.52,4,251.62,113.87,3.48,10.29,18.71,5.51,403.48,397.54,1.47,3.87,Sangat Hemat,351.03,1699.53,675634,20269,47500,743403,247801,Tidak,Normal,69.8,Pertahankan pola pemakaian
USR-0430,9,38.9,Bintang_4,0,408,157,5.3,3.9,1.29,7.7,0.0,6,65.04,113.11,12.15,15.43,82.67,0.0,288.4,279.16,3.2,7.41,Sangat Hemat,250.9,1699.53,474444,14233,47500,536177,59575,Tidak,Normal,92.8,Pertahankan pola pemakaian
USR-0431,6,47.6,Bintang_4,0,408,175,7.0,1.8,0.64,5.7,0.0,3,86.22,126.36,7.06,7.71,41.38,0.0,268.73,277.74,3.35,5.65,Sangat Hemat,233.8,1699.53,472033,14161,47500,533694,88949,Tidak,Normal,89.9,Pertahankan pola pemakaian
USR-0432,8,35.3,Bintang_4,0,395,154,7.9,0.9,0.43,3.6,0.0,2,93.07,110.85,3.48,5.14,34.16,0.0,246.7,244.35,0.95,7.0,Sangat Hemat,214.63,1699.53,415280,12458,47500,475238,59405,Tidak,Normal,93.1,Pertahankan pola pemakaian
USR-0433,5,65.5,Bintang_1,0,894,133,7.1,0.6,0.0,7.2,0.0,0,191.69,96.06,2.35,0.0,43.26,0.0,333.37,318.33,4.51,5.09,Sangat Hemat,290.03,1699.53,541005,16230,47500,604735,120947,Tidak,Normal,85.0,Pertahankan pola pemakaian
USR-0434,5,92.6,Bintang_4,0,394,118,3.3,6.5,0.64,5.7,0.0,3,38.94,84.89,31.07,7.71,34.16,0.0,196.77,205.95,4.66,2.13,Sangat Hemat,171.19,1699.53,350017,10501,47500,408018,81604,Tidak,Normal,91.2,Pertahankan pola pemakaian
USR-0435,5,121.8,Bintang_1,1,775,143,8.4,0.9,0.64,4.2,0.33,3,195.19,102.98,4.77,7.71,24.9,3.49,339.05,330.77,2.44,2.78,Sangat Hemat,294.97,1699.53,562154,16865,47500,626519,125304,Tidak,Normal,84.8,Pertahankan pola pemakaian
USR-0436,2,73.9,Bintang_4,0,479,111,8.7,2.6,0.86,5.7,0.0,4,125.42,79.8,11.08,10.29,13.64,0.0,240.22,250.7,4.36,3.25,Sangat Hemat,208.99,1699.53,426075,12782,47500,486358,243179,Tidak,Normal,73.0,Pertahankan pola pemakaian
USR-0437,9,127.3,Bintang_1,1,814,137,8.4,3.4,0.64,6.5,0.6,3,205.58,98.95,12.66,7.71,70.43,6.34,401.68,393.69,1.99,3.15,Sangat Hemat,349.46,1699.53,669091,20073,47500,736664,81852,Tidak,Normal,90.0,Pertahankan pola pemakaian
USR-0438,5,44.4,Tidak_Ada,1,0,144,0.0,1.2,0.86,6.4,0.49,4,0.0,103.79,6.47,10.29,38.42,5.17,164.13,169.57,3.31,3.7,Sangat Hemat,142.79,1699.53,288190,8646,47500,344336,68867,Tidak,Normal,92.6,Pertahankan pola pemakaian
USR-0439,1,39.7,Bintang_4,0,407,136,8.9,2.0,0.21,7.8,0.0,1,108.2,98.07,8.28,2.57,9.36,0.0,226.47,230.19,1.64,5.71,Sangat Hemat,197.03,1699.53,391220,11737,47500,450457,450457,Tidak,Normal,49.1,Pertahankan pola pemakaian
USR-0440,4,70.6,Bintang_4,0,360,151,8.4,3.6,0.0,5.1,0.0,0,91.13,108.6,16.65,0.0,24.71,0.0,241.1,249.81,3.61,3.41,Sangat Hemat,209.75,1699.53,424553,12737,47500,484789,121197,Tidak,Normal,86.5,Pertahankan pola pemakaian
USR-0441,5,82.4,Bintang_4,1,385,145,6.6,3.2,0.64,6.0,0.56,3,75.75,104.6,13.62,7.71,36.28,5.86,243.81,368.25,51.04,2.96,Sangat Hemat,212.12,1699.53,625857,18776,47500,692133,138427,Ya,Anomal,89.0,Pertahankan pola pemakaian
USR-0442,3,71.2,Bintang_1,0,863,143,11.9,2.1,0.43,5.3,0.0,2,307.46,103.28,9.91,5.14,19.08,0.0,444.88,461.41,3.71,6.25,Sangat Hemat,387.04,1699.53,784172,23525,47500,855197,285066,Tidak,Normal,66.7,Pertahankan pola pemakaian
USR-0443,5,34.9,Bintang_1,0,869,102,8.4,3.1,0.64,4.5,0.0,3,217.82,73.09,11.24,7.71,26.75,0.0,336.62,333.37,0.96,9.64,Sangat Hemat,292.86,1699.53,566579,16997,47500,631076,126215,Tidak,Normal,84.9,Pertahankan pola pemakaian
USR-0444,3,69.8,Bintang_4,1,353,124,5.4,2.6,0.43,6.9,0.61,2,57.31,89.36,13.18,5.14,24.79,6.39,196.16,202.33,3.15,2.81,Sangat Hemat,170.66,1699.53,343862,10316,47500,401678,133893,Tidak,Normal,85.3,Pertahankan pola pemakaian
USR-0445,4,45.6,Tidak_Ada,1,0,163,0.0,1.5,0.64,6.5,0.7,3,0.0,117.25,6.79,7.71,31.02,7.32,170.1,173.7,2.12,3.73,Sangat Hemat,147.99,1699.53,295208,8856,47500,351565,87891,Tidak,Normal,90.5,Pertahankan pola pemakaian
USR-0446,3,91.0,Bintang_1,1,835,166,12.1,5.6,0.64,6.3,0.22,3,303.94,119.58,21.3,7.71,22.62,2.31,477.47,456.54,4.38,5.25,Sangat Hemat,415.4,1699.53,775897,23277,47500,846674,282225,Tidak,Normal,64.3,Pertahankan pola pemakaian
USR-0447,1,81.9,Tidak_Ada,0,0,113,0.0,3.1,0.0,6.4,0.0,0,0.0,81.52,15.32,0.0,7.71,0.0,104.56,149.82,43.28,1.28,Sangat Hemat,90.97,1699.53,254616,7638,47500,309754,309754,Ya,Anomal,76.5,Pertahankan pola pemakaian
USR-0448,5,51.8,Bintang_4,0,405,134,5.9,0.9,0.21,5.3,0.0,1,71.27,96.27,3.43,2.57,31.89,0.0,205.43,277.72,35.19,3.96,Sangat Hemat,178.72,1699.53,471992,14160,47500,533652,106730,Ya,Anomal,90.8,Pertahankan pola pemakaian
USR-0449,3,60.1,Tidak_Ada,0,0,171,0.0,3.7,0.43,5.0,0.0,2,0.0,123.44,14.32,5.14,17.98,0.0,160.87,154.99,3.66,2.67,Sangat Hemat,139.96,1699.53,263416,7902,47500,318819,106273,Tidak,Normal,88.0,Pertahankan pola pemakaian
USR-0450,2,49.7,Tidak_Ada,0,0,136,0.0,1.9,0.86,6.0,0.0,4,0.0,97.66,6.42,10.29,14.49,0.0,128.86,127.9,0.75,2.59,Sangat Hemat,112.11,1699.53,217367,6521,47500,271388,135694,Tidak,Normal,85.5,Pertahankan pola pemakaian
USR-0451,2,70.4,Tidak_Ada,1,0,148,0.0,2.3,0.64,7.2,0.43,3,0.0,106.39,6.78,7.71,17.19,4.56,142.64,230.43,61.55,2.02,Sangat Hemat,124.09,1699.53,391616,11748,47500,450864,225432,Ya,Anomal,84.0,Pertahankan pola pemakaian
USR-0452,4,100.6,Bintang_4,1,424,179,7.0,2.7,0.0,7.6,0.49,0,88.4,128.76,13.61,0.0,36.52,5.15,272.43,358.15,31.46,2.71,Sangat Hemat,237.02,1699.53,608691,18261,47500,674452,168613,Ya,Anomal,84.7,Pertahankan pola pemakaian
USR-0453,2,51.0,Bintang_4,1,346,143,6.6,1.7,1.07,6.8,0.55,5,68.8,102.79,9.37,12.86,16.31,5.82,215.95,217.57,0.75,4.24,Sangat Hemat,187.88,1699.53,369759,11093,47500,428352,214176,Tidak,Normal,75.8,Pertahankan pola pemakaian
USR-0454,4,85.9,Tidak_Ada,1,0,140,0.0,8.0,0.64,6.0,0.5,3,0.0,100.73,32.83,7.71,28.94,5.3,175.52,171.23,2.44,2.04,Sangat Hemat,152.7,1699.53,291012,8730,47500,347242,86811,Tidak,Normal,90.1,Pertahankan pola pemakaian
USR-0455,3,59.8,Tidak_Ada,1,0,147,0.0,1.1,0.43,6.3,0.56,2,0.0,105.74,4.2,5.14,22.57,5.84,143.49,145.39,1.33,2.4,Sangat Hemat,124.84,1699.53,247100,7413,47500,302013,100671,Tidak,Normal,89.3,Pertahankan pola pemakaian
USR-0456,2,54.6,Tidak_Ada,0,0,187,0.0,2.8,0.43,6.0,0.0,2,0.0,134.69,8.07,5.14,14.43,0.0,162.33,168.94,4.07,2.98,Sangat Hemat,141.23,1699.53,287121,8614,47500,343235,171618,Tidak,Normal,81.8,Pertahankan pola pemakaian
USR-0457,3,69.4,Bintang_4,1,417,159,8.0,3.4,0.43,5.0,0.55,2,99.56,114.43,8.69,5.14,17.91,5.81,251.53,248.73,1.11,3.63,Sangat Hemat,218.83,1699.53,422731,12682,47500,482912,160971,Tidak,Normal,81.2,Pertahankan pola pemakaian
USR-0458,10,50.1,Tidak_Ada,0,0,150,0.0,2.8,0.21,6.0,0.0,1,0.0,108.27,14.36,2.57,72.3,0.0,197.5,200.08,1.31,3.94,Sangat Hemat,171.83,1699.53,340045,10201,47500,397747,39775,Tidak,Normal,95.6,Pertahankan pola pemakaian
USR-0459,4,59.3,Bintang_1,0,821,140,8.5,2.4,0.0,4.7,0.0,0,209.35,100.45,6.6,0.0,22.39,0.0,338.79,330.12,2.56,5.71,Sangat Hemat,294.75,1699.53,561048,16831,47500,625379,156345,Tidak,Normal,81.0,Pertahankan pola pemakaian
USR-0460,5,47.3,Bintang_4,0,316,161,7.1,2.2,1.07,5.9,0.0,5,67.35,115.76,7.52,12.86,35.26,0.0,238.75,227.96,4.52,5.04,Sangat Hemat,207.71,1699.53,387429,11623,47500,446552,89310,Tidak,Normal,89.3,Pertahankan pola pemakaian
USR-0461,3,143.2,Bintang_4,1,401,163,6.9,1.7,1.07,7.6,0.88,5,83.28,117.5,7.98,12.86,27.49,9.28,258.39,260.61,0.86,1.8,Sangat Hemat,224.8,1699.53,442908,13287,47500,503695,167898,Tidak,Normal,80.7,Pertahankan pola pemakaian
USR-0462,4,72.9,Bintang_4,0,424,129,7.3,1.7,0.0,6.8,0.0,0,92.84,92.55,7.61,0.0,32.75,0.0,225.75,215.53,4.52,3.1,Sangat Hemat,196.4,1699.53,366306,10989,47500,424795,106199,Tidak,Normal,87.3,Pertahankan pola pemakaian
USR-0463,4,56.4,Tidak_Ada,0,0,164,0.0,5.4,0.21,5.1,0.0,1,0.0,117.89,26.1,2.57,24.37,0.0,170.93,174.75,2.24,3.03,Sangat Hemat,148.71,1699.53,297001,8910,47500,353411,88353,Tidak,Normal,90.4,Pertahankan pola pemakaian
USR-0464,3,77.6,Bintang_1,1,751,147,8.7,2.1,0.43,5.9,0.77,2,196.53,105.82,9.4,5.14,21.34,8.03,346.27,352.17,1.7,4.46,Sangat Hemat,301.25,1699.53,598515,17955,47500,663970,221323,Tidak,Normal,74.1,Pertahankan pola pemakaian
USR-0465,6,69.2,Bintang_1,0,784,150,9.5,9.8,0.43,5.2,0.0,2,223.63,108.36,40.83,5.14,37.19,0.0,415.14,409.72,1.31,6.0,Sangat Hemat,361.18,1699.53,696330,20890,47500,764720,127453,Tidak,Normal,84.5,Pertahankan pola pemakaian
USR-0466,3,66.6,Bintang_4,0,410,132,9.8,4.1,0.86,5.9,0.0,4,120.68,95.27,14.11,10.29,21.37,0.0,261.73,380.12,45.24,3.93,Sangat Hemat,227.7,1699.53,646033,19381,47500,712914,237638,Ya,Anomal,80.4,Pertahankan pola pemakaian
USR-0467,5,89.3,Bintang_1,0,830,142,8.3,0.5,0.43,7.0,0.0,2,207.02,102.24,2.16,5.14,42.25,0.0,358.81,467.81,30.38,4.02,Sangat Hemat,312.16,1699.53,795063,23852,47500,866415,173283,Ya,Anomal,83.9,Pertahankan pola pemakaian
USR-0468,3,93.9,Bintang_4,0,438,129,7.9,4.6,1.07,6.7,0.0,5,103.83,93.17,19.58,12.86,23.95,0.0,253.38,241.05,4.87,2.7,Sangat Hemat,220.44,1699.53,409667,12290,47500,469458,156486,Tidak,Normal,81.0,Pertahankan pola pemakaian
USR-0469,1,59.8,Bintang_4,0,376,128,7.2,2.6,0.64,8.5,0.0,3,81.12,92.47,7.37,7.71,10.18,0.0,198.86,200.12,0.63,3.33,Sangat Hemat,173.01,1699.53,340111,10203,47500,397815,397815,Tidak,Normal,55.3,Pertahankan pola pemakaian
USR-0470,6,58.9,Bintang_4,0,393,158,8.5,1.2,0.43,7.2,0.0,2,99.55,113.43,4.48,5.14,51.79,0.0,274.39,286.0,4.23,4.66,Sangat Hemat,238.72,1699.53,486074,14582,47500,548156,91359,Tidak,Normal,89.7,Pertahankan pola pemakaian
USR-0471,3,65.4,Tidak_Ada,0,0,143,0.0,5.9,0.86,6.2,0.0,4,0.0,102.89,24.76,10.29,22.33,0.0,160.27,166.9,4.14,2.45,Sangat Hemat,139.43,1699.53,283655,8510,47500,339665,113222,Tidak,Normal,88.0,Pertahankan pola pemakaian
USR-0472,2,32.2,Tidak_Ada,0,0,124,0.0,2.1,0.86,6.7,0.0,4,0.0,89.29,8.12,10.29,16.03,0.0,123.72,162.47,31.33,3.85,Sangat Hemat,107.63,1699.53,276128,8284,47500,331912,165956,Ya,Anomal,86.1,Pertahankan pola pemakaian
USR-0473,5,42.4,Bintang_4,0,435,194,6.1,2.0,0.43,5.8,0.0,2,80.11,139.35,8.34,5.14,34.79,0.0,267.72,264.54,1.19,6.32,Sangat Hemat,232.92,1699.53,449601,13488,47500,510589,102118,Tidak,Normal,88.0,Pertahankan pola pemakaian
USR-0474,6,116.2,Bintang_4,1,387,128,7.2,3.4,0.0,4.9,0.27,0,83.79,91.8,17.37,0.0,35.08,2.8,230.84,221.58,4.01,1.99,Sangat Hemat,200.83,1699.53,376589,11298,47500,435387,72564,Tidak,Normal,91.4,Pertahankan pola pemakaian
USR-0475,1,128.0,Bintang_1,0,881,172,8.5,5.4,1.07,7.3,0.0,5,224.35,123.73,28.13,12.86,8.77,0.0,397.83,384.85,3.26,3.11,Sangat Hemat,346.11,1699.53,654071,19622,47500,721193,721193,Tidak,Normal,10.7,Pertahankan pola pemakaian
USR-0476,6,66.0,Bintang_1,0,887,120,11.5,2.9,0.43,7.0,0.0,2,307.4,86.74,17.05,5.14,50.46,0.0,466.8,475.19,1.8,7.07,Sangat Hemat,406.11,1699.53,807592,24228,47500,879319,146553,Tidak,Normal,82.5,Pertahankan pola pemakaian
USR-0477,2,88.1,Bintang_1,1,826,159,7.1,2.8,0.64,5.8,0.32,3,176.45,114.57,8.76,7.71,13.82,3.41,324.73,309.03,4.83,3.69,Sangat Hemat,282.51,1699.53,525206,15756,47500,588462,294231,Tidak,Normal,63.5,Pertahankan pola pemakaian
USR-0478,2,80.3,Bintang_1,0,806,145,10.9,1.8,0.0,6.3,0.0,0,262.39,104.39,7.37,0.0,15.06,0.0,389.21,605.36,55.53,4.85,Sangat Hemat,338.62,1699.53,1028828,30865,47500,1107193,553596,Ya,Anomal,56.3,Pertahankan pola pemakaian
USR-0479,2,211.5,Bintang_1,0,769,137,8.4,5.3,1.07,7.2,0.0,5,194.76,98.94,29.94,12.86,17.38,0.0,353.88,356.99,0.88,1.67,Sangat Hemat,307.87,1699.53,606712,18201,47500,672413,336207,Tidak,Normal,60.3,Pertahankan pola pemakaian
USR-0480,3,106.5,Tidak_Ada,0,0,154,0.0,2.9,0.64,6.8,0.0,3,0.0,110.83,8.57,7.71,24.65,0.0,151.77,144.86,4.55,1.42,Sangat Hemat,132.04,1699.53,246198,7386,47500,301084,100361,Tidak,Normal,88.6,Pertahankan pola pemakaian
USR-0481,4,68.8,Bintang_4,1,403,151,5.7,2.4,0.64,4.5,0.33,3,69.37,108.9,8.17,7.71,21.78,3.45,219.39,213.68,2.6,3.19,Sangat Hemat,190.87,1699.53,363149,10894,47500,421544,105386,Tidak,Normal,87.7,Pertahankan pola pemakaian
USR-0482,3,51.5,Bintang_4,1,400,134,4.0,2.2,0.21,6.2,0.52,1,47.91,96.3,8.7,2.57,22.48,5.44,183.4,185.13,0.94,3.56,Sangat Hemat,159.56,1699.53,314629,9439,47500,371568,123856,Tidak,Normal,86.3,Pertahankan pola pemakaian
USR-0483,3,41.0,Tidak_Ada,0,0,133,0.0,5.0,1.29,5.8,0.0,6,0.0,95.65,31.91,15.43,21.0,0.0,163.98,156.37,4.64,4.0,Sangat Hemat,142.67,1699.53,265755,7973,47500,321227,107076,Tidak,Normal,87.7,Pertahankan pola pemakaian
USR-0484,1,77.3,Bintang_4,0,399,119,7.5,2.3,0.43,7.1,0.0,2,89.85,85.34,8.41,5.14,8.54,0.0,197.28,202.8,2.8,2.55,Sangat Hemat,171.63,1699.53,344671,10340,47500,402511,402511,Tidak,Normal,55.7,Pertahankan pola pemakaian
USR-0485,4,55.3,Bintang_4,0,441,156,6.7,5.0,0.86,7.0,0.0,4,88.18,112.4,27.6,10.29,33.75,0.0,272.22,283.65,4.2,4.93,Sangat Hemat,236.83,1699.53,482074,14462,47500,544036,136009,Tidak,Normal,84.7,Pertahankan pola pemakaian
USR-0486,7,43.8,Bintang_1,0,930,125,9.3,2.0,0.64,7.3,0.0,3,258.79,89.95,9.17,7.71,61.48,0.0,427.09,446.79,4.61,9.76,Sangat Hemat,371.57,1699.53,759337,22780,47500,829617,118517,Tidak,Normal,86.3,Pertahankan pola pemakaian
USR-0487,6,57.4,Tidak_Ada,1,0,150,0.0,4.2,0.21,4.9,0.94,1,0.0,108.06,14.54,2.57,35.15,9.85,170.17,174.15,2.34,2.96,Sangat Hemat,148.05,1699.53,295974,8879,47500,352353,58726,Tidak,Normal,93.6,Pertahankan pola pemakaian
USR-0488,6,49.3,Bintang_4,1,420,162,9.0,3.1,0.64,5.2,1.01,3,113.28,116.53,21.61,7.71,37.55,10.63,307.31,318.28,3.57,6.23,Sangat Hemat,267.36,1699.53,540922,16228,47500,604649,100775,Tidak,Normal,88.5,Pertahankan pola pemakaian
USR-0489,5,130.0,Tidak_Ada,0,0,154,0.0,1.5,0.64,7.1,0.0,3,0.0,111.0,7.18,7.71,42.68,0.0,168.58,170.44,1.11,1.3,Sangat Hemat,146.66,1699.53,289676,8690,47500,345866,69173,Tidak,Normal,92.4,Pertahankan pola pemakaian
USR-0490,3,98.0,Bintang_4,1,426,136,5.1,2.6,0.21,5.4,0.04,1,64.98,97.59,12.48,2.57,19.47,0.38,197.48,196.66,0.41,2.01,Sangat Hemat,171.81,1699.53,334228,10027,47500,391755,130585,Tidak,Normal,85.2,Pertahankan pola pemakaian
USR-0491,2,71.8,Bintang_1,0,834,168,10.2,0.7,1.07,4.5,0.0,5,256.46,121.09,3.64,12.86,10.75,0.0,404.79,413.42,2.13,5.64,Sangat Hemat,352.17,1699.53,702621,21079,47500,771200,385600,Tidak,Normal,54.5,Pertahankan pola pemakaian
USR-0492,5,120.9,Bintang_4,1,392,142,9.6,1.7,0.43,6.5,0.54,2,112.81,102.13,8.54,5.14,39.2,5.64,273.46,265.92,2.76,2.26,Sangat Hemat,237.91,1699.53,451938,13558,47500,512997,102599,Tidak,Normal,87.7,Pertahankan pola pemakaian
USR-0493,6,74.0,Bintang_1,0,897,123,10.9,1.1,1.71,5.5,0.0,8,294.44,88.79,6.79,20.57,39.26,0.0,449.85,432.3,3.9,6.08,Sangat Hemat,391.37,1699.53,734706,22041,47500,804247,134041,Tidak,Normal,83.2,Pertahankan pola pemakaian
USR-0494,1,53.3,Tidak_Ada,0,0,144,0.0,9.0,1.07,7.8,0.0,5,0.0,103.91,55.04,12.86,9.35,0.0,181.16,185.9,2.62,3.4,Sangat Hemat,157.61,1699.53,315941,9478,47500,372919,372919,Tidak,Normal,59.3,Pertahankan pola pemakaian
USR-0495,6,122.7,Bintang_4,0,381,162,5.8,1.1,0.64,6.3,0.0,3,65.97,116.45,3.89,7.71,45.33,0.0,239.36,250.33,4.58,1.95,Sangat Hemat,208.24,1699.53,425436,12763,47500,485699,80950,Tidak,Normal,91.0,Pertahankan pola pemakaian
USR-0496,3,86.9,Bintang_4,0,402,137,8.3,12.8,0.43,6.2,0.0,2,100.51,98.29,81.02,5.14,22.18,0.0,307.14,309.52,0.77,3.53,Sangat Hemat,267.21,1699.53,526038,15781,47500,589319,196440,Tidak,Normal,77.0,Pertahankan pola pemakaian
USR-0497,4,50.1,Bintang_1,0,822,168,8.2,3.7,0.0,5.6,0.0,0,201.65,120.65,14.32,0.0,27.03,0.0,363.65,363.01,0.17,7.26,Sangat Hemat,316.37,1699.53,616954,18509,47500,682962,170741,Tidak,Normal,79.6,Pertahankan pola pemakaian
USR-0498,4,67.4,Tidak_Ada,0,0,135,0.0,2.0,0.43,7.6,0.0,2,0.0,96.91,9.54,5.14,36.44,0.0,148.02,148.53,0.34,2.2,Sangat Hemat,128.78,1699.53,252436,7573,47500,307509,76877,Tidak,Normal,91.7,Pertahankan pola pemakaian
USR-0499,3,53.0,Bintang_4,0,401,137,7.5,4.4,1.29,6.4,0.0,6,90.4,98.87,14.08,15.43,22.89,0.0,241.67,352.72,45.95,4.56,Sangat Hemat,210.26,1699.53,599457,17984,47500,664940,221647,Ya,Anomal,81.9,Pertahankan pola pemakaian
USR-0500,10,44.4,Tidak_Ada,0,0,129,0.0,1.8,0.86,5.6,0.0,4,0.0,92.94,10.03,10.29,67.1,0.0,180.35,179.31,0.58,4.06,Sangat Hemat,156.91,1699.53,304742,9142,47500,361384,36138,Tidak,Normal,95.9,Pertahankan pola pemakaian
USR-0501,1,99.6,Bintang_4,0,361,164,6.8,1.2,0.64,5.2,0.0,3,74.01,117.85,4.93,7.71,6.25,0.0,210.74,220.16,4.47,2.12,Sangat Hemat,183.34,1699.53,374171,11225,47500,432897,432897,Tidak,Normal,52.7,Pertahankan pola pemakaian
USR-0502,5,140.5,Bintang_4,0,399,149,5.7,2.9,0.86,5.9,0.0,4,68.77,107.23,9.88,10.29,35.56,0.0,231.72,231.25,0.2,1.65,Sangat Hemat,201.6,1699.53,393022,11791,47500,452313,90463,Tidak,Normal,89.6,Pertahankan pola pemakaian
USR-0503,2,44.1,Bintang_4,0,377,130,7.5,4.1,0.43,5.0,0.0,2,85.1,93.89,23.04,5.14,12.05,0.0,219.24,210.05,4.19,4.97,Sangat Hemat,190.73,1699.53,356989,10710,47500,415199,207599,Tidak,Normal,75.4,Pertahankan pola pemakaian
USR-0504,2,87.7,Bintang_4,0,385,142,8.6,5.9,0.43,7.0,0.0,2,99.09,102.29,33.91,5.14,16.87,0.0,257.3,264.13,2.66,2.93,Sangat Hemat,223.85,1699.53,448905,13467,47500,509872,254936,Tidak,Normal,71.1,Pertahankan pola pemakaian
USR-0505,3,57.3,Bintang_4,0,386,89,6.0,3.7,0.43,4.2,0.0,2,69.87,63.78,21.34,5.14,15.09,0.0,175.22,173.32,1.08,3.06,Sangat Hemat,152.44,1699.53,294562,8837,47500,350899,116966,Tidak,Normal,86.9,Pertahankan pola pemakaian
USR-0506,7,60.7,Bintang_4,0,379,166,4.5,2.0,0.64,5.9,0.0,3,50.85,119.2,6.19,7.71,49.23,0.0,233.19,358.38,53.69,3.84,Sangat Hemat,202.87,1699.53,609085,18273,47500,674857,96408,Ya,Anomal,92.5,Pertahankan pola pemakaian
USR-0507,1,58.5,Bintang_4,0,452,147,6.5,6.2,0.64,6.6,0.0,3,88.74,105.54,36.95,7.71,7.93,0.0,246.87,346.98,40.55,4.22,Sangat Hemat,214.78,1699.53,589711,17691,47500,654902,654902,Ya,Anomal,44.6,Pertahankan pola pemakaian
USR-0508,2,53.2,Tidak_Ada,1,0,102,0.0,5.5,1.07,6.3,0.47,5,0.0,73.35,23.1,12.86,15.22,4.94,129.47,132.23,2.13,2.43,Sangat Hemat,112.64,1699.53,224729,6742,47500,278971,139485,Tidak,Normal,85.5,Pertahankan pola pemakaian
USR-0509,4,73.2,Bintang_4,0,412,121,6.4,3.2,1.07,5.3,0.0,5,78.73,87.02,20.27,12.86,25.36,0.0,224.24,214.42,4.38,3.06,Sangat Hemat,195.09,1699.53,364410,10932,47500,422843,105711,Tidak,Normal,87.4,Pertahankan pola pemakaian
USR-0510,6,53.8,Bintang_4,0,386,142,4.8,5.6,0.43,6.7,0.0,2,55.01,101.93,28.45,5.14,47.95,0.0,238.5,227.38,4.66,4.43,Sangat Hemat,207.49,1699.53,386436,11593,47500,445530,74255,Tidak,Normal,91.1,Pertahankan pola pemakaian
USR-0511,1,79.1,Bintang_1,0,934,124,6.4,10.1,0.0,5.1,0.0,0,179.58,89.08,47.66,0.0,6.14,0.0,322.45,318.53,1.21,4.07,Sangat Hemat,280.53,1699.53,541355,16241,47500,605096,605096,Tidak,Normal,27.6,Pertahankan pola pemakaian
USR-0512,4,70.7,Bintang_4,0,422,166,9.1,2.0,0.21,6.0,0.0,1,115.57,119.42,8.84,2.57,28.69,0.0,275.1,280.41,1.93,3.89,Sangat Hemat,239.34,1699.53,476569,14297,47500,538366,134592,Tidak,Normal,84.6,Pertahankan pola pemakaian
USR-0513,6,66.2,Bintang_4,0,409,158,7.0,1.6,0.64,6.7,0.0,3,86.26,114.03,7.11,7.71,47.89,0.0,263.0,255.74,2.76,3.97,Sangat Hemat,228.81,1699.53,434633,13039,47500,495172,82529,Tidak,Normal,90.2,Pertahankan pola pemakaian
USR-0514,3,52.4,Bintang_1,1,885,157,9.8,1.9,0.43,6.5,0.58,2,259.09,113.18,7.5,5.14,23.27,6.06,414.23,411.47,0.67,7.9,Sangat Hemat,360.38,1699.53,699302,20979,47500,767781,255927,Tidak,Normal,69.0,Pertahankan pola pemakaian
USR-0515,5,58.8,Bintang_4,0,416,98,6.5,1.2,1.07,5.3,0.0,5,81.46,70.5,4.28,12.86,31.95,0.0,201.04,335.61,66.94,3.42,Sangat Hemat,174.91,1699.53,570383,17111,47500,634995,126999,Ya,Anomal,91.0,Pertahankan pola pemakaian
USR-0516,3,93.8,Bintang_1,0,870,139,9.5,3.9,0.43,7.2,0.0,2,247.69,100.43,16.18,5.14,25.91,0.0,395.36,384.08,2.85,4.22,Sangat Hemat,343.96,1699.53,652764,19583,47500,719847,239949,Tidak,Normal,70.4,Pertahankan pola pemakaian
USR-0517,4,85.8,Bintang_1,1,913,136,8.1,1.0,0.43,6.1,0.53,2,222.38,97.95,5.76,5.14,29.22,5.55,366.01,603.36,64.85,4.27,Sangat Hemat,318.43,1699.53,1025430,30763,47500,1103693,275923,Ya,Anomal,79.5,Pertahankan pola pemakaian
USR-0518,6,51.1,Bintang_4,1,376,131,7.9,5.8,1.07,6.7,0.31,5,88.92,94.26,18.83,12.86,48.55,3.27,266.69,275.37,3.25,5.22,Sangat Hemat,232.02,1699.53,467992,14040,47500,529532,88255,Tidak,Normal,90.0,Pertahankan pola pemakaian
USR-0519,2,74.5,Bintang_1,0,856,142,7.0,1.8,1.5,7.5,0.0,7,180.75,102.02,10.36,18.0,18.07,0.0,329.21,485.14,47.37,4.42,Sangat Hemat,286.41,1699.53,824513,24735,47500,896748,448374,Ya,Anomal,63.0,Pertahankan pola pemakaian
USR-0520,3,93.7,Bintang_1,0,917,127,9.0,6.1,0.86,7.1,0.0,4,246.96,91.78,28.43,10.29,25.62,0.0,403.08,419.82,4.15,4.3,Sangat Hemat,350.68,1699.53,713492,21405,47500,782397,260799,Tidak,Normal,69.8,Pertahankan pola pemakaian
USR-0521,3,40.1,Bintang_4,0,465,154,6.7,0.6,1.07,7.1,0.0,5,92.88,111.1,3.05,12.86,25.63,0.0,245.51,245.69,0.07,6.12,Sangat Hemat,213.6,1699.53,417565,12527,47500,477591,159197,Tidak,Normal,81.6,Pertahankan pola pemakaian
USR-0522,4,87.1,Bintang_1,0,821,165,8.2,2.2,0.64,6.2,0.0,3,201.24,119.04,11.33,7.71,29.72,0.0,369.04,375.75,1.82,4.24,Sangat Hemat,321.06,1699.53,638604,19158,47500,705262,176315,Tidak,Normal,79.3,Pertahankan pola pemakaian
USR-0523,9,57.1,Bintang_4,0,433,164,7.0,1.3,1.07,6.8,0.0,5,90.65,117.8,6.68,12.86,73.37,0.0,301.35,304.94,1.19,5.28,Sangat Hemat,262.18,1699.53,518250,15547,47500,581297,64589,Tidak,Normal,92.5,Pertahankan pola pemakaian
USR-0524,6,87.9,Bintang_4,1,380,147,6.7,6.1,0.43,6.2,0.67,2,76.39,106.01,27.68,5.14,44.74,7.02,266.97,261.87,1.91,3.04,Sangat Hemat,232.27,1699.53,445059,13352,47500,505911,84318,Tidak,Normal,90.0,Pertahankan pola pemakaian
USR-0525,6,55.1,Bintang_1,0,841,190,11.1,7.4,1.29,4.8,0.0,6,280.63,136.79,33.85,15.43,34.49,0.0,501.19,490.15,2.2,9.09,Sangat Hemat,436.04,1699.53,833032,24991,47500,905523,150920,Tidak,Normal,81.2,Pertahankan pola pemakaian
USR-0526,5,38.3,Bintang_1,1,769,173,9.6,0.7,0.43,6.3,0.69,2,221.25,124.42,3.53,5.14,37.82,7.25,399.41,393.08,1.58,10.43,Sangat Hemat,347.49,1699.53,668055,20042,47500,735596,147119,Tidak,Normal,82.1,Pertahankan pola pemakaian
USR-0527,1,40.7,Bintang_4,0,392,148,6.6,4.6,0.21,6.3,0.0,1,77.8,106.54,16.28,2.57,7.51,0.0,210.7,204.76,2.82,5.17,Sangat Hemat,183.31,1699.53,348004,10440,47500,405944,405944,Tidak,Normal,52.7,Pertahankan pola pemakaian
USR-0528,1,73.2,Bintang_4,0,407,140,5.7,5.2,0.21,6.6,0.0,1,69.6,101.06,17.68,2.57,7.9,0.0,198.81,203.92,2.57,2.72,Sangat Hemat,172.96,1699.53,346576,10397,47500,404473,404473,Tidak,Normal,55.4,Pertahankan pola pemakaian
USR-0529,9,78.9,Bintang_1,0,920,177,6.3,3.3,1.71,5.9,0.0,8,174.84,127.27,13.49,20.57,63.42,0.0,399.59,418.15,4.65,5.07,Sangat Hemat,347.64,1699.53,710667,21320,47500,779487,86610,Tidak,Normal,90.0,Pertahankan pola pemakaian
USR-0530,2,52.5,Bintang_4,0,380,170,7.5,3.9,1.07,5.2,0.0,5,85.97,122.51,18.41,12.86,12.57,0.0,252.33,261.6,3.68,4.81,Sangat Hemat,219.52,1699.53,444605,13338,47500,505444,252722,Tidak,Normal,71.7,Pertahankan pola pemakaian
USR-0531,5,90.0,Bintang_1,0,779,122,7.5,3.7,0.86,6.7,0.0,4,176.38,87.69,23.08,10.29,39.94,0.0,337.38,327.86,2.82,3.75,Sangat Hemat,293.52,1699.53,557207,16716,47500,621423,124285,Tidak,Normal,84.8,Pertahankan pola pemakaian
USR-0532,4,40.3,Bintang_4,0,398,172,8.4,4.6,0.21,4.7,0.0,1,100.3,123.64,20.81,2.57,22.5,0.0,269.81,367.73,36.29,6.7,Sangat Hemat,234.74,1699.53,624964,18749,47500,691213,172803,Ya,Anomal,84.9,Pertahankan pola pemakaian
USR-0533,2,70.4,Bintang_1,1,785,147,6.9,1.4,1.29,7.5,0.75,6,161.75,105.78,8.89,15.43,17.9,7.83,317.58,325.74,2.57,4.51,Sangat Hemat,276.29,1699.53,553608,16608,47500,617716,308858,Tidak,Normal,64.3,Pertahankan pola pemakaian
USR-0534,4,47.1,Bintang_1,1,784,133,10.7,5.6,0.21,5.8,0.73,1,251.18,95.6,27.73,2.57,27.69,7.61,412.39,407.86,1.1,8.75,Sangat Hemat,358.78,1699.53,693172,20795,47500,761467,190367,Tidak,Normal,76.8,Pertahankan pola pemakaian
USR-0535,1,57.3,Bintang_1,0,931,110,7.5,3.1,1.07,6.2,0.0,5,210.56,79.5,12.61,12.86,7.49,0.0,323.02,333.51,3.25,5.64,Sangat Hemat,281.03,1699.53,566807,17004,47500,631311,631311,Tidak,Normal,27.5,Pertahankan pola pemakaian
USR-0536,3,73.2,Bintang_4,0,402,145,8.2,3.0,0.43,6.6,0.0,2,98.19,104.13,16.45,5.14,23.61,0.0,247.52,254.43,2.79,3.38,Sangat Hemat,215.34,1699.53,432408,12972,47500,492881,164294,Tidak,Normal,81.5,Pertahankan pola pemakaian
USR-0537,3,53.3,Bintang_4,0,439,150,8.5,3.8,1.29,6.6,0.0,6,112.01,107.82,16.35,15.43,23.73,0.0,275.34,278.79,1.25,5.17,Sangat Hemat,239.55,1699.53,473820,14215,47500,535535,178512,Tidak,Normal,79.4,Pertahankan pola pemakaian
USR-0538,4,62.9,Bintang_4,1,369,182,7.6,1.3,0.64,4.6,0.41,3,84.05,130.86,5.99,7.71,22.04,4.27,254.91,248.68,2.45,4.05,Sangat Hemat,221.78,1699.53,422634,12679,47500,482813,120703,Tidak,Normal,85.7,Pertahankan pola pemakaian
USR-0539,2,102.4,Bintang_1,0,799,169,12.5,1.1,1.29,6.8,0.0,6,299.89,121.78,3.53,15.43,16.38,0.0,457.01,438.92,3.96,4.46,Sangat Hemat,397.6,1699.53,745954,22379,47500,815833,407917,Tidak,Normal,48.7,Pertahankan pola pemakaian
USR-0540,1,58.8,Bintang_1,0,849,138,12.7,2.5,0.64,6.3,0.0,3,322.47,99.61,7.94,7.71,7.56,0.0,445.3,434.28,2.47,7.57,Sangat Hemat,387.41,1699.53,738074,22142,47500,807716,807716,Tidak,Normal,0.0,Pertahankan pola pemakaian
USR-0541,1,96.5,Tidak_Ada,0,0,158,0.0,6.9,1.29,5.4,0.0,6,0.0,113.61,34.3,15.43,6.44,0.0,169.78,169.94,0.1,1.76,Sangat Hemat,147.7,1699.53,288820,8665,47500,344984,344984,Tidak,Normal,61.9,Pertahankan pola pemakaian
USR-0542,2,48.5,Bintang_4,0,446,167,7.5,1.3,1.07,5.3,0.0,5,100.77,119.9,7.33,12.86,12.6,0.0,253.46,265.61,4.79,5.23,Sangat Hemat,220.51,1699.53,451415,13542,47500,512457,256229,Tidak,Normal,71.5,Pertahankan pola pemakaian
USR-0543,6,86.7,Bintang_4,0,392,152,7.8,3.0,0.21,5.7,0.0,1,91.81,109.24,18.88,2.57,40.79,0.0,263.29,405.93,54.18,3.04,Sangat Hemat,229.06,1699.53,689886,20697,47500,758083,126347,Ya,Anomal,90.1,Pertahankan pola pemakaian
USR-0544,3,119.2,Tidak_Ada,0,0,138,0.0,1.8,0.64,4.7,0.0,3,0.0,99.54,6.67,7.71,16.92,0.0,130.85,126.93,3.0,1.1,Sangat Hemat,113.84,1699.53,215718,6472,47500,269690,89897,Tidak,Normal,90.2,Pertahankan pola pemakaian
USR-0545,4,30.3,Tidak_Ada,1,0,139,0.0,1.6,0.64,7.7,0.16,3,0.0,100.34,9.49,7.71,37.07,1.63,156.24,158.22,1.27,5.15,Sangat Hemat,135.92,1699.53,268907,8067,47500,324474,81118,Tidak,Normal,91.2,Pertahankan pola pemakaian
USR-0546,4,54.5,Tidak_Ada,1,0,158,0.0,3.7,0.43,7.5,0.02,2,0.0,113.55,20.86,5.14,35.93,0.16,175.65,172.21,1.96,3.22,Sangat Hemat,152.81,1699.53,292679,8780,47500,348960,87240,Tidak,Normal,90.1,Pertahankan pola pemakaian
USR-0547,2,88.1,Bintang_1,1,866,158,7.7,4.3,0.86,6.5,0.21,4,199.46,113.95,17.4,10.29,15.48,2.23,358.81,371.67,3.59,4.07,Sangat Hemat,312.16,1699.53,631665,18950,47500,698115,349057,Tidak,Normal,59.7,Pertahankan pola pemakaian
USR-0548,3,67.1,Tidak_Ada,0,0,144,0.0,1.7,0.43,5.8,0.0,2,0.0,103.78,9.74,5.14,20.8,0.0,139.46,134.43,3.61,2.08,Sangat Hemat,121.33,1699.53,228475,6854,47500,282829,94276,Tidak,Normal,89.6,Pertahankan pola pemakaian
USR-0549,3,82.0,Bintang_1,1,863,98,3.7,6.2,0.86,5.8,0.62,4,95.55,70.28,33.43,10.29,20.89,6.46,236.9,247.87,4.63,2.89,Sangat Hemat,206.1,1699.53,421261,12638,47500,481399,160466,Tidak,Normal,82.3,Pertahankan pola pemakaian
USR-0550,4,58.3,Bintang_4,0,502,124,4.2,3.5,0.86,6.8,0.0,4,63.58,89.42,19.36,10.29,32.44,0.0,215.08,223.95,4.12,3.69,Sangat Hemat,187.12,1699.53,380617,11419,47500,439535,109884,Tidak,Normal,87.9,Pertahankan pola pemakaian
USR-0551,4,74.2,Bintang_1,0,828,162,10.7,2.4,0.0,7.8,0.0,0,266.73,116.92,15.17,0.0,37.24,0.0,436.06,452.96,3.88,5.88,Sangat Hemat,379.37,1699.53,769818,23095,47500,840412,210103,Tidak,Normal,75.5,Pertahankan pola pemakaian
USR-0552,1,68.2,Bintang_4,0,401,107,10.0,3.3,0.86,5.4,0.0,4,120.0,77.32,18.39,10.29,6.52,0.0,232.5,224.9,3.27,3.41,Sangat Hemat,202.28,1699.53,382223,11467,47500,441190,441190,Tidak,Normal,47.8,Pertahankan pola pemakaian
USR-0553,5,108.4,Bintang_4,0,367,174,10.1,9.2,0.43,4.9,0.0,2,110.99,125.05,23.77,5.14,29.29,0.0,294.24,289.23,1.71,2.72,Sangat Hemat,255.99,1699.53,491550,14747,47500,553797,110759,Tidak,Normal,86.8,Pertahankan pola pemakaian
USR-0554,3,78.7,Bintang_4,1,343,171,5.7,4.3,0.64,7.5,0.32,3,58.92,122.92,20.46,7.71,27.17,3.39,240.59,247.9,3.04,3.06,Sangat Hemat,209.31,1699.53,421316,12639,47500,481456,160485,Tidak,Normal,82.0,Pertahankan pola pemakaian
USR-0555,6,81.0,Bintang_4,1,435,151,6.6,1.8,0.64,4.2,0.6,3,86.04,108.59,5.52,7.71,30.33,6.31,244.51,252.04,3.08,3.02,Sangat Hemat,212.73,1699.53,428349,12850,47500,488700,81450,Tidak,Normal,90.8,Pertahankan pola pemakaian
USR-0556,3,62.3,Bintang_4,1,384,162,8.9,2.7,0.43,5.0,0.52,2,101.85,116.61,12.46,5.14,17.97,5.43,259.46,264.78,2.05,4.16,Sangat Hemat,225.73,1699.53,450005,13500,47500,511005,170335,Tidak,Normal,80.6,Pertahankan pola pemakaian
USR-0557,8,60.7,Tidak_Ada,0,0,161,0.0,2.9,0.0,5.8,0.0,0,0.0,115.61,13.48,0.0,55.23,0.0,184.33,183.37,0.52,3.04,Sangat Hemat,160.36,1699.53,311642,9349,47500,368491,46061,Tidak,Normal,94.8,Pertahankan pola pemakaian
USR-0558,4,61.9,Bintang_4,0,426,148,7.2,4.1,0.21,4.4,0.0,1,92.05,106.32,16.11,2.57,21.31,0.0,238.35,233.86,1.88,3.85,Sangat Hemat,207.37,1699.53,397455,11924,47500,456879,114220,Tidak,Normal,86.6,Pertahankan pola pemakaian
USR-0559,8,82.7,Bintang_1,1,862,123,9.2,3.1,1.07,7.1,0.59,5,237.16,88.22,11.22,12.86,68.28,6.24,423.97,443.6,4.63,5.13,Sangat Hemat,368.85,1699.53,753908,22617,47500,824025,103003,Tidak,Normal,88.1,Pertahankan pola pemakaian
USR-0560,4,62.1,Tidak_Ada,0,0,169,0.0,8.5,0.86,6.9,0.0,4,0.0,121.93,34.09,10.29,32.91,0.0,199.22,192.04,3.61,3.21,Sangat Hemat,173.32,1699.53,326371,9791,47500,383662,95915,Tidak,Normal,88.8,Pertahankan pola pemakaian
USR-0561,4,79.7,Bintang_4,0,412,178,5.4,2.4,0.43,5.4,0.0,2,66.64,128.26,9.96,5.14,26.04,0.0,236.05,225.28,4.56,2.96,Sangat Hemat,205.36,1699.53,382870,11486,47500,441856,110464,Tidak,Normal,86.7,Pertahankan pola pemakaian
USR-0562,5,148.9,Bintang_1,0,847,126,10.3,1.0,0.21,7.3,0.0,1,261.8,90.6,4.22,2.57,43.68,0.0,402.86,383.09,4.91,2.71,Sangat Hemat,350.49,1699.53,651072,19532,47500,718104,143621,Tidak,Normal,81.9,Pertahankan pola pemakaian
USR-0563,5,97.7,Tidak_Ada,1,0,122,0.0,3.1,0.21,7.4,0.12,1,0.0,87.68,14.21,2.57,44.7,1.29,150.44,154.57,2.75,1.54,Sangat Hemat,130.88,1699.53,262703,7881,47500,318084,63617,Tidak,Normal,93.2,Pertahankan pola pemakaian
USR-0564,4,64.2,Tidak_Ada,0,0,147,0.0,2.1,0.64,5.9,0.0,3,0.0,106.03,10.49,7.71,28.26,0.0,152.49,240.89,57.97,2.37,Sangat Hemat,132.66,1699.53,409397,12282,47500,469179,117295,Ya,Anomal,91.4,Pertahankan pola pemakaian
USR-0565,2,109.6,Tidak_Ada,0,0,137,0.0,1.1,0.64,5.5,0.0,3,0.0,98.98,4.65,7.71,13.32,0.0,124.67,125.15,0.39,1.14,Sangat Hemat,108.46,1699.53,212693,6381,47500,266573,133287,Tidak,Normal,86.0,Pertahankan pola pemakaian
USR-0566,3,62.4,Bintang_1,0,891,153,9.1,1.8,0.64,8.3,0.0,3,242.58,110.09,10.07,7.71,29.73,0.0,400.19,579.87,44.9,6.41,Sangat Hemat,348.17,1699.53,985505,29565,47500,1062570,354190,Ya,Anomal,70.0,Pertahankan pola pemakaian
USR-0567,5,35.3,Bintang_1,0,889,174,12.9,2.2,1.07,6.7,0.0,5,343.47,125.4,9.79,12.86,40.33,0.0,531.83,513.06,3.53,15.07,Sangat Hemat,462.7,1699.53,871954,26159,47500,945613,189123,Tidak,Normal,76.1,Pertahankan pola pemakaian
USR-0568,1,50.6,Bintang_4,0,378,105,7.1,5.4,0.86,6.3,0.0,4,80.86,75.66,28.72,10.29,7.51,0.0,203.03,207.92,2.41,4.01,Sangat Hemat,176.64,1699.53,353365,10601,47500,411466,411466,Tidak,Normal,54.4,Pertahankan pola pemakaian
USR-0569,2,37.4,Bintang_4,1,431,182,4.6,1.1,0.64,7.4,0.51,3,59.64,130.77,4.72,7.71,17.67,5.32,225.83,215.78,4.45,6.04,Sangat Hemat,196.47,1699.53,366729,11002,47500,425231,212615,Tidak,Normal,74.6,Pertahankan pola pemakaian
USR-0570,4,63.7,Bintang_4,0,422,142,7.9,3.4,0.0,6.3,0.0,0,100.36,102.14,23.37,0.0,30.25,0.0,256.12,251.47,1.82,4.02,Sangat Hemat,222.83,1699.53,427384,12822,47500,487705,121926,Tidak,Normal,85.6,Pertahankan pola pemakaian
USR-0571,4,72.5,Bintang_4,0,405,160,8.3,10.3,1.5,5.5,0.0,7,100.91,115.37,50.69,18.0,26.37,0.0,311.34,313.28,0.62,4.3,Sangat Hemat,270.87,1699.53,532423,15973,47500,595896,148974,Tidak,Normal,82.5,Pertahankan pola pemakaian
USR-0572,3,129.5,Tidak_Ada,0,0,162,0.0,2.4,0.64,6.1,0.0,3,0.0,116.91,14.62,7.71,21.89,0.0,161.13,159.56,0.98,1.24,Sangat Hemat,140.18,1699.53,271171,8135,47500,326806,108935,Tidak,Normal,87.9,Pertahankan pola pemakaian
USR-0573,4,80.7,Bintang_4,0,366,165,5.7,2.4,0.86,7.0,0.0,4,62.13,118.59,9.32,10.29,33.79,0.0,234.11,228.48,2.41,2.9,Sangat Hemat,203.68,1699.53,388301,11649,47500,447450,111863,Tidak,Normal,86.9,Pertahankan pola pemakaian
USR-0574,9,66.7,Bintang_4,0,376,151,6.1,4.2,0.86,4.0,0.0,4,68.5,108.89,17.15,10.29,43.28,0.0,248.11,258.68,4.26,3.72,Sangat Hemat,215.86,1699.53,439642,13189,47500,500331,55592,Tidak,Normal,93.8,Pertahankan pola pemakaian
USR-0575,1,96.3,Bintang_4,0,409,156,6.9,3.7,0.86,5.7,0.0,4,84.8,112.26,15.89,10.29,6.85,0.0,230.08,240.0,4.31,2.39,Sangat Hemat,200.17,1699.53,407887,12237,47500,467624,467624,Tidak,Normal,48.3,Pertahankan pola pemakaian
USR-0576,4,33.2,Bintang_4,0,370,156,7.3,6.4,0.21,7.4,0.0,1,81.26,112.16,42.8,2.57,35.44,0.0,274.23,271.93,0.84,8.26,Sangat Hemat,238.58,1699.53,462158,13865,47500,523523,130881,Tidak,Normal,84.6,Pertahankan pola pemakaian
USR-0577,1,78.2,Tidak_Ada,0,0,137,0.0,2.5,0.86,5.5,0.0,4,0.0,98.92,10.59,10.29,6.59,0.0,126.39,125.05,1.06,1.62,Sangat Hemat,109.96,1699.53,212521,6376,47500,266397,266397,Tidak,Normal,71.6,Pertahankan pola pemakaian
USR-0578,5,94.3,Bintang_4,0,362,115,9.2,4.1,0.64,7.5,0.0,3,100.31,82.68,15.57,7.71,45.28,0.0,251.56,246.71,1.93,2.67,Sangat Hemat,218.86,1699.53,419296,12579,47500,479375,95875,Tidak,Normal,88.7,Pertahankan pola pemakaian
USR-0579,4,42.9,Bintang_4,0,351,126,8.2,4.2,0.86,7.4,0.0,4,86.72,90.44,23.72,10.29,35.59,0.0,246.76,255.54,3.56,5.75,Sangat Hemat,214.68,1699.53,434297,13029,47500,494826,123706,Tidak,Normal,86.1,Pertahankan pola pemakaian
USR-0580,4,107.4,Bintang_1,0,848,148,9.3,2.2,0.43,5.9,0.0,2,236.4,106.5,10.12,5.14,28.49,0.0,386.64,389.27,0.68,3.6,Sangat Hemat,336.38,1699.53,661573,19847,47500,728920,182230,Tidak,Normal,78.3,Pertahankan pola pemakaian
USR-0581,3,81.1,Bintang_1,0,850,134,6.6,2.5,1.07,5.4,0.0,5,169.34,96.67,10.93,12.86,19.55,0.0,309.34,296.64,4.1,3.82,Sangat Hemat,269.13,1699.53,504156,15125,47500,566781,188927,Tidak,Normal,76.8,Pertahankan pola pemakaian
USR-0582,5,62.3,Bintang_4,1,381,134,9.5,2.7,0.64,5.7,0.23,3,108.83,96.7,10.67,7.71,34.28,2.44,260.63,269.84,3.53,4.19,Sangat Hemat,226.75,1699.53,458597,13758,47500,519855,103971,Tidak,Normal,88.3,Pertahankan pola pemakaian
USR-0583,4,89.8,Tidak_Ada,0,0,186,0.0,1.3,0.21,8.7,0.0,1,0.0,133.91,6.39,2.57,41.59,0.0,184.46,185.1,0.35,2.05,Sangat Hemat,160.48,1699.53,314590,9438,47500,371528,92882,Tidak,Normal,89.6,Pertahankan pola pemakaian
USR-0584,2,159.4,Bintang_4,0,334,167,7.4,2.2,0.86,7.9,0.0,4,74.31,120.37,11.75,10.29,18.9,0.0,235.61,233.62,0.84,1.48,Sangat Hemat,204.98,1699.53,397050,11912,47500,456462,228231,Tidak,Normal,73.5,Pertahankan pola pemakaian
USR-0585,7,76.7,Bintang_4,0,455,145,7.9,6.7,1.29,6.1,0.0,6,108.46,104.37,34.75,15.43,51.45,0.0,314.46,309.36,1.62,4.1,Sangat Hemat,273.58,1699.53,525765,15773,47500,589038,84148,Tidak,Normal,89.9,Pertahankan pola pemakaian
USR-0586,5,78.5,Bintang_1,0,857,163,11.4,5.1,0.21,5.4,0.0,1,294.08,117.68,20.61,2.57,32.35,0.0,467.3,448.58,4.01,5.95,Sangat Hemat,406.55,1699.53,762372,22871,47500,832743,166549,Tidak,Normal,79.0,Pertahankan pola pemakaian
USR-0587,2,61.3,Tidak_Ada,0,0,142,0.0,1.9,0.64,6.1,0.0,3,0.0,101.95,6.93,7.71,14.68,0.0,131.27,137.27,4.57,2.14,Sangat Hemat,114.21,1699.53,233294,6999,47500,287793,143897,Tidak,Normal,85.3,Pertahankan pola pemakaian
USR-0588,8,53.5,Bintang_4,0,389,152,7.7,2.7,0.43,6.2,0.0,2,89.68,109.59,4.04,5.14,59.94,0.0,268.4,375.35,39.85,5.02,Sangat Hemat,233.51,1699.53,637921,19138,47500,704559,88070,Ya,Anomal,92.5,Pertahankan pola pemakaian
USR-0589,1,96.3,Bintang_4,0,343,159,8.5,4.9,1.29,4.8,0.0,6,87.19,114.36,17.77,15.43,5.71,0.0,240.45,231.6,3.68,2.5,Sangat Hemat,209.19,1699.53,393605,11808,47500,452913,452913,Tidak,Normal,46.0,Pertahankan pola pemakaian
USR-0590,4,53.4,Bintang_1,0,770,142,10.0,3.5,0.21,6.1,0.0,1,230.42,101.99,14.77,2.57,29.18,0.0,378.93,379.36,0.11,7.1,Sangat Hemat,329.67,1699.53,644734,19342,47500,711576,177894,Tidak,Normal,78.7,Pertahankan pola pemakaian
USR-0591,4,73.8,Tidak_Ada,1,0,136,0.0,4.4,0.86,7.3,0.3,4,0.0,98.13,19.53,10.29,35.15,3.2,166.3,167.22,0.56,2.25,Sangat Hemat,144.68,1699.53,284200,8526,47500,340226,85056,Tidak,Normal,90.7,Pertahankan pola pemakaian
USR-0592,1,60.9,Tidak_Ada,0,0,174,0.0,3.7,0.43,4.2,0.0,2,0.0,125.62,15.94,5.14,5.04,0.0,151.75,146.71,3.32,2.49,Sangat Hemat,132.02,1699.53,249337,7480,47500,304317,304317,Tidak,Normal,65.9,Pertahankan pola pemakaian
USR-0593,3,85.1,Tidak_Ada,0,0,162,0.0,3.1,1.07,6.8,0.0,5,0.0,116.84,21.72,12.86,24.58,0.0,175.99,174.71,0.73,2.07,Sangat Hemat,153.11,1699.53,296930,8908,47500,353338,117779,Tidak,Normal,86.8,Pertahankan pola pemakaian
USR-0594,3,80.9,Tidak_Ada,1,0,105,0.0,2.5,0.43,7.4,0.59,2,0.0,75.53,12.16,5.14,26.55,6.15,125.54,127.37,1.46,1.55,Sangat Hemat,109.22,1699.53,216462,6494,47500,270456,90152,Tidak,Normal,90.6,Pertahankan pola pemakaian
USR-0595,6,103.5,Bintang_1,0,844,137,6.8,1.3,0.21,5.4,0.0,1,171.86,98.38,4.49,2.57,39.16,0.0,316.47,309.64,2.16,3.06,Sangat Hemat,275.33,1699.53,526236,15787,47500,589523,98254,Tidak,Normal,88.2,Pertahankan pola pemakaian
USR-0596,4,60.2,Bintang_4,0,409,134,8.1,4.1,0.43,7.7,0.0,2,99.57,96.75,20.96,5.14,36.93,0.0,259.36,254.99,1.68,4.31,Sangat Hemat,225.64,1699.53,433363,13001,47500,493864,123466,Tidak,Normal,85.4,Pertahankan pola pemakaian
USR-0597,4,65.5,Tidak_Ada,0,0,138,0.0,2.4,1.07,5.3,0.0,5,0.0,99.06,11.55,12.86,25.49,0.0,148.95,143.32,3.78,2.27,Sangat Hemat,129.58,1699.53,243570,7307,47500,298377,74594,Tidak,Normal,91.6,Pertahankan pola pemakaian
USR-0598,1,51.1,Tidak_Ada,0,0,167,0.0,1.0,0.43,6.4,0.0,2,0.0,120.42,3.6,5.14,7.73,0.0,136.89,135.7,0.87,2.68,Sangat Hemat,119.09,1699.53,230624,6919,47500,285042,285042,Tidak,Normal,69.3,Pertahankan pola pemakaian
USR-0599,6,61.6,Bintang_1,0,843,150,6.3,2.0,0.43,5.7,0.0,2,159.2,108.28,9.33,5.14,40.99,0.0,322.94,325.65,0.84,5.24,Sangat Hemat,280.96,1699.53,553444,16603,47500,617548,102925,Tidak,Normal,87.9,Pertahankan pola pemakaian
USR-0600,3,82.2,Bintang_4,0,411,122,6.3,4.5,0.64,5.7,0.0,3,77.89,87.99,22.56,7.71,20.49,0.0,216.65,208.34,3.83,2.64,Sangat Hemat,188.49,1699.53,354084,10623,47500,412207,137402,Tidak,Normal,83.8,Pertahankan pola pemakaian
USR-0601,3,93.8,Tidak_Ada,0,0,142,0.0,0.9,0.86,5.4,0.0,4,0.0,102.48,4.67,10.29,19.38,0.0,136.81,138.38,1.15,1.46,Sangat Hemat,119.03,1699.53,235187,7056,47500,289743,96581,Tidak,Normal,89.8,Pertahankan pola pemakaian
USR-0602,3,52.1,Bintang_1,0,837,161,7.8,1.5,0.43,6.7,0.0,2,196.83,115.8,4.25,5.14,24.11,0.0,346.14,342.6,1.02,6.64,Sangat Hemat,301.14,1699.53,582259,17468,47500,647227,215742,Tidak,Normal,74.1,Pertahankan pola pemakaian
USR-0603,4,97.6,Tidak_Ada,0,0,146,0.0,3.0,0.86,6.8,0.0,4,0.0,104.84,15.0,10.29,32.87,0.0,163.0,165.9,1.78,1.67,Sangat Hemat,141.81,1699.53,281959,8459,47500,337918,84479,Tidak,Normal,90.8,Pertahankan pola pemakaian
USR-0604,6,115.7,Bintang_1,0,849,137,7.7,6.3,0.86,5.9,0.0,4,196.99,98.72,36.45,10.29,42.74,0.0,385.17,378.04,1.85,3.33,Sangat Hemat,335.1,1699.53,642494,19275,47500,709269,118212,Tidak,Normal,85.6,Pertahankan pola pemakaian
USR-0605,7,83.2,Bintang_4,1,404,157,5.6,5.0,0.64,4.6,0.2,3,67.38,112.77,30.7,7.71,38.98,2.14,259.68,405.01,55.96,3.12,Sangat Hemat,225.92,1699.53,688333,20650,47500,756483,108069,Ya,Anomal,91.7,Pertahankan pola pemakaian
USR-0606,2,138.9,Bintang_1,1,812,182,10.2,6.7,1.5,6.4,0.53,7,248.86,131.3,22.73,18.0,15.37,5.58,441.84,446.83,1.13,3.18,Sangat Hemat,384.4,1699.53,759396,22782,47500,829678,414839,Tidak,Normal,50.4,Pertahankan pola pemakaian
USR-0607,3,54.9,Bintang_4,1,345,159,8.1,3.1,0.0,6.4,0.51,0,83.9,114.64,13.45,0.0,23.12,5.4,240.52,245.1,1.91,4.38,Sangat Hemat,209.25,1699.53,416557,12497,47500,476554,158851,Tidak,Normal,82.0,Pertahankan pola pemakaian
USR-0608,3,46.6,Bintang_1,0,900,176,7.4,2.4,0.86,5.8,0.0,4,201.13,126.73,10.68,10.29,20.82,0.0,369.65,566.52,53.26,7.94,Sangat Hemat,321.59,1699.53,962811,28884,47500,1039196,346399,Ya,Anomal,72.3,Pertahankan pola pemakaian
USR-0609,4,38.6,Bintang_1,0,894,138,10.0,4.5,1.07,7.9,0.0,5,268.33,99.68,23.03,12.86,37.76,0.0,441.66,425.6,3.64,11.43,Sangat Hemat,384.25,1699.53,723325,21700,47500,792525,198131,Tidak,Normal,75.2,Pertahankan pola pemakaian
USR-0610,4,121.5,Bintang_1,1,893,150,8.5,1.6,0.64,4.4,0.8,3,228.88,107.88,6.9,7.71,21.29,8.43,381.1,398.83,4.65,3.14,Sangat Hemat,331.56,1699.53,677821,20335,47500,745656,186414,Tidak,Normal,78.6,Pertahankan pola pemakaian
USR-0611,3,90.5,Tidak_Ada,1,0,149,0.0,1.5,0.0,3.8,0.47,0,0.0,107.59,5.83,0.0,13.62,4.99,132.03,136.56,3.44,1.46,Sangat Hemat,114.86,1699.53,232091,6963,47500,286554,95518,Tidak,Normal,90.1,Pertahankan pola pemakaian
USR-0612,5,70.6,Bintang_4,0,398,152,6.1,1.4,1.07,5.3,0.0,5,72.9,109.71,6.38,12.86,31.61,0.0,233.46,234.92,0.62,3.31,Sangat Hemat,203.11,1699.53,399253,11978,47500,458731,91746,Tidak,Normal,89.5,Pertahankan pola pemakaian
USR-0613,5,79.4,Bintang_1,0,849,159,10.1,5.2,0.86,6.7,0.0,4,258.44,114.34,21.92,10.29,40.26,0.0,445.25,462.63,3.9,5.61,Sangat Hemat,387.37,1699.53,786261,23588,47500,857348,171470,Tidak,Normal,80.0,Pertahankan pola pemakaian
USR-0614,4,48.6,Bintang_4,1,421,132,7.1,1.6,0.21,4.9,0.4,1,89.37,94.77,8.25,2.57,23.73,4.15,222.84,310.14,39.17,4.59,Sangat Hemat,193.87,1699.53,527090,15813,47500,590402,147601,Ya,Anomal,87.5,Pertahankan pola pemakaian
USR-0615,8,169.5,Bintang_4,1,409,163,10.0,5.0,0.0,5.0,0.19,0,122.23,117.32,18.69,0.0,48.18,2.0,308.43,294.06,4.66,1.82,Sangat Hemat,268.33,1699.53,499766,14993,47500,562259,70282,Tidak,Normal,91.3,Pertahankan pola pemakaian
USR-0616,4,75.3,Bintang_4,1,406,117,4.7,3.0,0.64,7.0,0.26,3,57.08,84.56,10.64,7.71,33.36,2.71,196.07,200.52,2.27,2.6,Sangat Hemat,170.58,1699.53,340788,10224,47500,398511,99628,Tidak,Normal,89.0,Pertahankan pola pemakaian
USR-0617,3,74.8,Bintang_1,0,844,123,8.9,5.3,0.86,6.5,0.0,4,224.9,88.77,29.92,10.29,23.27,0.0,377.14,583.56,54.73,5.04,Sangat Hemat,328.12,1699.53,991784,29754,47500,1069037,356346,Ya,Anomal,71.8,Pertahankan pola pemakaian
USR-0618,5,92.8,Bintang_4,1,397,193,7.4,1.4,0.86,6.4,0.56,4,88.1,138.75,9.17,10.29,38.26,5.91,290.48,280.66,3.38,3.13,Sangat Hemat,252.72,1699.53,476984,14310,47500,538793,107759,Tidak,Normal,87.0,Pertahankan pola pemakaian
USR-0619,9,85.2,Bintang_1,0,797,140,10.2,1.9,0.21,6.8,0.0,1,244.48,100.65,11.47,2.57,73.24,0.0,432.41,438.63,1.44,5.08,Sangat Hemat,376.2,1699.53,745472,22364,47500,815336,90593,Tidak,Normal,89.2,Pertahankan pola pemakaian
USR-0620,5,77.9,Bintang_1,0,878,165,10.4,3.6,0.43,5.6,0.0,2,272.89,118.51,15.83,5.14,33.45,0.0,445.82,459.79,3.13,5.73,Sangat Hemat,387.86,1699.53,781432,23443,47500,852375,170475,Tidak,Normal,80.0,Pertahankan pola pemakaian
USR-0621,2,54.6,Bintang_4,0,393,184,7.9,2.1,0.21,5.6,0.0,1,93.12,132.46,11.44,2.57,13.49,0.0,253.08,263.33,4.05,4.64,Sangat Hemat,220.18,1699.53,447537,13426,47500,508463,254232,Tidak,Normal,71.6,Pertahankan pola pemakaian
USR-0622,5,84.9,Bintang_4,1,364,104,5.3,0.6,0.21,6.8,0.8,1,57.96,74.67,2.36,2.57,40.86,8.35,186.78,182.61,2.23,2.2,Sangat Hemat,162.5,1699.53,310350,9311,47500,367161,73432,Tidak,Normal,91.6,Pertahankan pola pemakaian
USR-0623,2,139.1,Tidak_Ada,0,0,173,0.0,1.2,0.0,4.7,0.0,0,0.0,124.22,5.92,0.0,11.17,0.0,141.31,136.06,3.71,1.02,Sangat Hemat,122.94,1699.53,231237,6937,47500,285674,142837,Tidak,Normal,84.1,Pertahankan pola pemakaian
USR-0624,2,115.3,Tidak_Ada,0,0,163,0.0,1.4,0.86,3.9,0.0,4,0.0,117.34,5.54,10.29,9.26,0.0,142.43,138.84,2.52,1.24,Sangat Hemat,123.91,1699.53,235957,7079,47500,290535,145268,Tidak,Normal,84.0,Pertahankan pola pemakaian
USR-0625,5,125.7,Tidak_Ada,0,0,183,0.0,1.5,0.64,5.6,0.0,3,0.0,131.62,8.21,7.71,33.4,0.0,180.94,182.35,0.78,1.44,Sangat Hemat,157.42,1699.53,309906,9297,47500,366703,73341,Tidak,Normal,91.9,Pertahankan pola pemakaian
USR-0626,2,60.2,Tidak_Ada,1,0,126,0.0,4.1,0.21,6.9,0.54,1,0.0,90.99,22.55,2.57,16.63,5.68,138.42,144.22,4.19,2.3,Sangat Hemat,120.43,1699.53,245105,7353,47500,299958,149979,Tidak,Normal,84.5,Pertahankan pola pemakaian
USR-0627,5,50.9,Bintang_1,0,845,179,10.9,3.3,1.07,6.3,0.0,5,275.13,128.9,21.19,12.86,37.53,0.0,475.61,479.53,0.83,9.34,Sangat Hemat,413.78,1699.53,814981,24449,47500,886931,177386,Tidak,Normal,78.6,Pertahankan pola pemakaian
USR-0628,1,68.9,Bintang_4,0,401,135,5.4,3.0,1.07,6.9,0.0,5,64.79,97.35,12.86,12.86,8.23,0.0,196.09,204.32,4.2,2.85,Sangat Hemat,170.6,1699.53,347253,10418,47500,405170,405170,Tidak,Normal,56.0,Pertahankan pola pemakaian
USR-0629,3,73.4,Bintang_1,1,929,171,7.9,9.1,0.64,4.0,0.27,3,219.02,123.19,53.72,7.71,14.34,2.82,420.8,432.17,2.7,5.73,Sangat Hemat,366.1,1699.53,734481,22034,47500,804015,268005,Tidak,Normal,68.5,Pertahankan pola pemakaian
USR-0630,3,105.6,Tidak_Ada,0,0,149,0.0,5.5,1.5,6.3,0.0,7,0.0,107.48,27.27,18.0,22.74,0.0,175.48,177.21,0.98,1.66,Sangat Hemat,152.67,1699.53,301176,9035,47500,357711,119237,Tidak,Normal,86.9,Pertahankan pola pemakaian
USR-0631,2,39.8,Tidak_Ada,0,0,165,0.0,4.4,0.21,6.7,0.0,1,0.0,119.1,20.09,2.57,15.97,0.0,157.73,150.19,4.78,3.96,Sangat Hemat,137.22,1699.53,255245,7657,47500,310402,155201,Tidak,Normal,82.3,Pertahankan pola pemakaian
USR-0632,6,123.0,Tidak_Ada,0,0,151,0.0,1.1,0.64,4.6,0.0,3,0.0,108.7,5.32,7.71,33.47,0.0,155.22,152.62,1.67,1.26,Sangat Hemat,135.04,1699.53,259391,7782,47500,314672,52445,Tidak,Normal,94.2,Pertahankan pola pemakaian
USR-0633,2,68.1,Bintang_1,1,848,113,9.2,2.8,1.07,6.9,0.63,5,233.49,81.51,16.98,12.86,16.47,6.61,367.92,351.64,4.43,5.4,Sangat Hemat,320.09,1699.53,597625,17929,47500,663054,331527,Tidak,Normal,58.7,Pertahankan pola pemakaian
USR-0634,1,62.0,Tidak_Ada,1,0,88,0.0,3.3,0.43,5.9,0.74,2,0.0,63.06,14.25,5.14,7.07,7.78,97.3,95.57,1.78,1.57,Sangat Hemat,84.65,1699.53,162422,4873,47500,214795,214795,Tidak,Normal,78.1,Pertahankan pola pemakaian
USR-0635,5,50.5,Bintang_4,0,453,154,7.1,2.1,0.43,9.1,0.0,2,96.85,111.02,9.38,5.14,54.43,0.0,276.82,264.71,4.38,5.48,Sangat Hemat,240.83,1699.53,449875,13496,47500,510871,102174,Tidak,Normal,87.6,Pertahankan pola pemakaian
USR-0636,2,40.3,Bintang_1,0,832,145,7.8,7.6,0.43,3.8,0.0,2,195.84,104.2,19.98,5.14,9.17,0.0,334.35,323.24,3.32,8.29,Sangat Hemat,290.88,1699.53,549355,16481,47500,613336,306668,Tidak,Normal,62.5,Pertahankan pola pemakaian
USR-0637,5,96.0,Tidak_Ada,0,0,158,0.0,2.8,1.07,7.4,0.0,5,0.0,113.73,12.24,12.86,44.21,0.0,183.05,293.2,60.17,1.91,Sangat Hemat,159.25,1699.53,498300,14949,47500,560749,112150,Ya,Anomal,91.8,Pertahankan pola pemakaian
USR-0638,1,73.9,Bintang_4,0,424,145,8.2,1.3,0.43,5.6,0.0,2,103.93,104.37,6.16,5.14,6.73,0.0,226.34,226.67,0.15,3.06,Sangat Hemat,196.91,1699.53,385237,11557,47500,444294,444294,Tidak,Normal,49.2,Pertahankan pola pemakaian
USR-0639,5,45.8,Tidak_Ada,0,0,190,0.0,1.5,0.21,4.4,0.0,1,0.0,137.06,5.7,2.57,26.3,0.0,171.63,166.77,2.83,3.74,Sangat Hemat,149.32,1699.53,283436,8503,47500,339439,67888,Tidak,Normal,92.3,Pertahankan pola pemakaian
USR-0640,5,45.8,Bintang_4,0,392,155,8.3,10.7,0.64,5.5,0.0,3,97.78,111.32,38.41,7.71,32.84,0.0,288.06,294.76,2.33,6.3,Sangat Hemat,250.61,1699.53,500958,15029,47500,563486,112697,Tidak,Normal,87.1,Pertahankan pola pemakaian
USR-0641,5,64.0,Tidak_Ada,1,0,141,0.0,2.1,0.64,6.3,0.37,3,0.0,101.56,5.99,7.71,37.66,3.84,156.77,158.19,0.9,2.45,Sangat Hemat,136.39,1699.53,268841,8065,47500,324406,64881,Tidak,Normal,93.0,Pertahankan pola pemakaian
USR-0642,8,129.1,Bintang_4,0,436,157,5.9,0.8,0.21,7.0,0.0,1,77.54,112.86,3.1,2.57,67.56,0.0,263.64,268.69,1.92,2.04,Sangat Hemat,229.36,1699.53,456649,13699,47500,517849,64731,Tidak,Normal,92.6,Pertahankan pola pemakaian
USR-0643,4,65.7,Tidak_Ada,0,0,141,0.0,1.9,1.07,7.7,0.0,5,0.0,101.83,10.96,12.86,37.07,0.0,162.71,233.69,43.62,2.47,Sangat Hemat,141.56,1699.53,397168,11915,47500,456583,114146,Ya,Anomal,90.9,Pertahankan pola pemakaian
USR-0644,5,42.5,Tidak_Ada,0,0,152,0.0,0.9,0.43,7.4,0.0,2,0.0,109.34,2.88,5.14,44.53,0.0,161.89,165.56,2.27,3.81,Sangat Hemat,140.84,1699.53,281379,8441,47500,337320,67464,Tidak,Normal,92.7,Pertahankan pola pemakaian
USR-0645,6,66.1,Tidak_Ada,1,0,126,0.0,4.7,0.86,5.0,0.4,4,0.0,90.47,24.56,10.29,36.25,4.17,165.73,172.96,4.36,2.51,Sangat Hemat,144.18,1699.53,293948,8818,47500,350267,58378,Tidak,Normal,93.8,Pertahankan pola pemakaian
USR-0646,5,65.4,Bintang_4,1,476,150,10.4,0.8,1.07,7.1,0.9,5,148.78,107.88,4.45,12.86,42.78,9.41,326.15,317.58,2.63,4.98,Sangat Hemat,283.75,1699.53,539742,16192,47500,603434,120687,Tidak,Normal,85.4,Pertahankan pola pemakaian
USR-0647,4,28.0,Tidak_Ada,1,0,140,0.0,1.2,0.86,6.4,0.66,4,0.0,101.12,7.86,10.29,30.68,6.9,156.84,153.24,2.3,5.6,Sangat Hemat,136.45,1699.53,260435,7813,47500,315748,78937,Tidak,Normal,91.2,Pertahankan pola pemakaian
USR-0648,2,70.6,Bintang_1,0,819,128,11.3,2.7,1.07,5.3,0.0,5,278.31,91.83,14.81,12.86,12.83,0.0,410.64,393.98,4.06,5.81,Sangat Hemat,357.26,1699.53,669575,20087,47500,737163,368581,Tidak,Normal,53.9,Pertahankan pola pemakaian
USR-0649,7,66.4,Bintang_1,0,854,190,7.9,5.3,0.86,5.8,0.0,4,201.47,136.45,28.34,10.29,48.62,0.0,425.17,429.11,0.93,6.4,Sangat Hemat,369.9,1699.53,729283,21878,47500,798661,114094,Tidak,Normal,86.4,Pertahankan pola pemakaian
USR-0650,2,91.9,Bintang_1,1,857,128,8.0,2.6,0.86,5.3,0.58,4,206.44,92.39,12.6,10.29,12.7,6.1,340.51,336.94,1.05,3.71,Sangat Hemat,296.24,1699.53,572640,17179,47500,637319,318659,Tidak,Normal,61.8,Pertahankan pola pemakaian
USR-0651,4,137.5,Tidak_Ada,1,0,150,0.0,1.3,0.43,6.0,0.31,2,0.0,108.1,5.75,5.14,28.98,3.21,151.19,151.13,0.04,1.1,Sangat Hemat,131.53,1699.53,256851,7706,47500,312057,78014,Tidak,Normal,91.5,Pertahankan pola pemakaian
USR-0652,3,106.8,Bintang_4,1,385,134,5.0,3.0,1.29,5.3,0.67,6,57.98,96.44,15.97,15.43,18.97,7.02,211.82,204.83,3.3,1.98,Sangat Hemat,184.29,1699.53,348111,10443,47500,406055,135352,Tidak,Normal,84.1,Pertahankan pola pemakaian
USR-0653,4,65.5,Tidak_Ada,0,0,156,0.0,2.1,0.0,5.0,0.0,0,0.0,112.28,11.55,0.0,23.87,0.0,147.69,219.43,48.57,2.25,Sangat Hemat,128.49,1699.53,372926,11188,47500,431613,107903,Ya,Anomal,91.7,Pertahankan pola pemakaian
USR-0654,5,48.9,Bintang_4,1,453,125,9.9,5.4,0.21,6.5,0.98,1,133.99,89.65,24.96,2.57,38.87,10.28,300.33,303.9,1.19,6.14,Sangat Hemat,261.29,1699.53,516492,15495,47500,579486,115897,Tidak,Normal,86.5,Pertahankan pola pemakaian
USR-0655,2,177.2,Bintang_4,0,418,167,4.0,4.5,0.0,6.6,0.0,0,50.16,120.1,25.71,0.0,15.91,0.0,211.88,206.9,2.35,1.2,Sangat Hemat,184.34,1699.53,351627,10549,47500,409676,204838,Tidak,Normal,76.2,Pertahankan pola pemakaian
USR-0656,7,73.5,Tidak_Ada,0,0,191,0.0,2.0,0.43,5.8,0.0,2,0.0,137.32,13.97,5.14,48.82,0.0,205.26,204.55,0.35,2.79,Sangat Hemat,178.58,1699.53,347639,10429,47500,405568,57938,Tidak,Normal,93.4,Pertahankan pola pemakaian
USR-0657,2,72.4,Bintang_1,0,921,133,4.8,4.3,0.21,7.4,0.0,1,131.72,95.91,19.81,2.57,17.68,0.0,267.69,278.25,3.94,3.7,Sangat Hemat,232.89,1699.53,472892,14187,47500,534579,267289,Tidak,Normal,69.9,Pertahankan pola pemakaian
USR-0658,5,71.4,Tidak_Ada,0,0,174,0.0,3.2,0.43,5.7,0.0,2,0.0,125.52,14.68,5.14,34.44,0.0,179.78,184.7,2.73,2.52,Sangat Hemat,156.41,1699.53,313904,9417,47500,370822,74164,Tidak,Normal,91.9,Pertahankan pola pemakaian
USR-0659,1,77.2,Bintang_1,0,875,142,8.2,6.2,1.71,5.7,0.0,8,216.38,102.5,27.26,20.57,6.84,0.0,373.55,363.35,2.73,4.84,Sangat Hemat,324.99,1699.53,617526,18526,47500,683552,683552,Tidak,Normal,16.1,Pertahankan pola pemakaian
USR-0660,3,68.5,Bintang_1,0,854,180,8.6,4.2,1.07,6.7,0.0,5,221.35,129.68,19.55,12.86,23.98,0.0,407.42,553.72,35.91,5.95,Sangat Hemat,354.45,1699.53,941071,28232,47500,1016803,338934,Ya,Anomal,69.5,Pertahankan pola pemakaian
USR-0661,1,58.9,Bintang_4,0,358,194,4.5,3.8,0.43,5.9,0.0,2,47.97,139.51,21.14,5.14,7.04,0.0,220.8,211.25,4.33,3.75,Sangat Hemat,192.1,1699.53,359027,10771,47500,417297,417297,Tidak,Normal,50.4,Pertahankan pola pemakaian
USR-0662,4,59.5,Bintang_1,0,831,145,10.3,6.0,0.21,6.1,0.0,1,256.66,104.63,27.61,2.57,29.21,0.0,420.68,417.06,0.86,7.08,Sangat Hemat,365.99,1699.53,708804,21264,47500,777568,194392,Tidak,Normal,76.4,Pertahankan pola pemakaian
USR-0663,5,71.2,Bintang_1,0,898,120,12.4,2.7,0.43,3.5,0.0,2,333.5,86.11,12.81,5.14,20.88,0.0,458.44,439.19,4.2,6.44,Sangat Hemat,398.84,1699.53,746413,22392,47500,816306,163261,Tidak,Normal,79.4,Pertahankan pola pemakaian
USR-0664,5,59.5,Bintang_1,0,849,169,7.6,1.7,1.07,6.0,0.0,5,194.14,121.65,7.31,12.86,36.1,0.0,372.06,387.85,4.24,6.25,Sangat Hemat,323.69,1699.53,659156,19775,47500,726431,145286,Tidak,Normal,83.3,Pertahankan pola pemakaian
USR-0665,3,56.1,Bintang_1,0,917,154,10.5,3.1,1.07,4.2,0.0,5,290.18,111.23,15.15,12.86,15.02,0.0,444.44,424.02,4.59,7.92,Sangat Hemat,386.66,1699.53,720642,21619,47500,789762,263254,Tidak,Normal,66.7,Pertahankan pola pemakaian
USR-0666,4,74.7,Bintang_1,0,851,160,10.4,2.2,0.43,4.8,0.0,2,266.09,115.23,8.89,5.14,22.94,0.0,418.29,403.7,3.49,5.6,Sangat Hemat,363.91,1699.53,686100,20583,47500,754183,188546,Tidak,Normal,76.5,Pertahankan pola pemakaian
USR-0667,4,65.9,Bintang_4,0,418,143,6.3,3.9,0.86,4.7,0.0,4,79.45,103.11,13.27,10.29,22.39,0.0,228.5,237.98,4.15,3.47,Sangat Hemat,198.79,1699.53,404459,12134,47500,464093,116023,Tidak,Normal,87.2,Pertahankan pola pemakaian
USR-0668,9,121.9,Tidak_Ada,0,0,132,0.0,2.8,0.21,5.0,0.0,1,0.0,95.26,13.83,2.57,53.54,0.0,165.21,166.56,0.82,1.36,Sangat Hemat,143.73,1699.53,283081,8492,47500,339073,37675,Tidak,Normal,95.9,Pertahankan pola pemakaian
USR-0669,5,28.5,Bintang_1,1,820,173,6.4,3.5,0.21,5.5,0.21,1,158.13,124.71,21.74,2.57,32.71,2.19,342.05,352.15,2.95,12.01,Sangat Hemat,297.58,1699.53,598485,17955,47500,663940,132788,Tidak,Normal,84.6,Pertahankan pola pemakaian
USR-0670,5,105.5,Tidak_Ada,0,0,156,0.0,1.3,0.21,5.5,0.0,1,0.0,112.6,5.59,2.57,33.08,0.0,153.85,146.41,4.84,1.46,Sangat Hemat,133.85,1699.53,248832,7465,47500,303797,60759,Tidak,Normal,93.1,Pertahankan pola pemakaian
USR-0671,7,111.4,Bintang_4,0,403,121,9.5,3.7,1.07,6.7,0.0,5,115.47,87.21,13.14,12.86,55.98,0.0,284.66,282.36,0.81,2.56,Sangat Hemat,247.65,1699.53,479874,14396,47500,541771,77396,Tidak,Normal,90.9,Pertahankan pola pemakaian
USR-0672,3,34.8,Bintang_4,0,433,164,10.0,1.3,0.43,6.2,0.0,2,129.61,117.89,7.82,5.14,22.4,0.0,282.87,296.57,4.84,8.12,Sangat Hemat,246.1,1699.53,504035,15121,47500,566656,188885,Tidak,Normal,78.8,Pertahankan pola pemakaian
USR-0673,2,63.9,Bintang_1,0,903,160,8.4,4.8,0.86,4.1,0.0,4,227.25,115.0,21.98,10.29,9.84,0.0,384.35,387.42,0.8,6.02,Sangat Hemat,334.39,1699.53,658434,19753,47500,725687,362843,Tidak,Normal,56.8,Pertahankan pola pemakaian
USR-0674,7,63.2,Bintang_4,1,412,143,7.2,4.8,0.86,6.1,0.04,4,88.71,103.32,25.92,10.29,51.1,0.44,279.78,289.56,3.5,4.43,Sangat Hemat,243.41,1699.53,492117,14764,47500,554381,79197,Tidak,Normal,91.0,Pertahankan pola pemakaian
USR-0675,7,44.0,Bintang_1,0,885,182,8.9,3.3,1.07,6.3,0.0,5,237.3,131.33,12.87,12.86,53.07,0.0,447.43,468.17,4.64,10.17,Sangat Hemat,389.26,1699.53,795672,23870,47500,867043,123863,Tidak,Normal,85.6,Pertahankan pola pemakaian
USR-0676,5,54.8,Bintang_1,0,767,138,8.2,3.3,0.86,5.7,0.0,4,188.75,99.1,14.76,10.29,34.03,0.0,346.92,353.34,1.85,6.33,Sangat Hemat,301.82,1699.53,600517,18016,47500,666033,133207,Tidak,Normal,84.4,Pertahankan pola pemakaian
USR-0677,6,48.8,Tidak_Ada,1,0,147,0.0,2.4,0.64,5.9,0.61,3,0.0,105.57,13.69,7.71,42.76,6.39,176.12,173.09,1.72,3.61,Sangat Hemat,153.23,1699.53,294165,8825,47500,350490,58415,Tidak,Normal,93.4,Pertahankan pola pemakaian
USR-0678,5,132.9,Tidak_Ada,0,0,165,0.0,1.9,0.64,6.2,0.0,3,0.0,119.07,8.74,7.71,37.14,0.0,172.67,169.36,1.91,1.3,Sangat Hemat,150.22,1699.53,287833,8635,47500,343968,68794,Tidak,Normal,92.2,Pertahankan pola pemakaian
USR-0679,2,99.9,Bintang_1,1,815,152,7.4,2.7,0.64,6.8,0.61,3,181.81,109.11,12.47,7.71,16.24,6.41,333.74,319.43,4.29,3.34,Sangat Hemat,290.35,1699.53,542881,16286,47500,606667,303334,Tidak,Normal,62.5,Pertahankan pola pemakaian
USR-0680,5,112.4,Tidak_Ada,1,0,122,0.0,8.9,1.07,4.4,0.67,5,0.0,88.06,28.23,12.86,26.55,7.07,162.77,161.6,0.72,1.45,Sangat Hemat,141.61,1699.53,274638,8239,47500,330377,66075,Tidak,Normal,92.7,Pertahankan pola pemakaian
USR-0681,7,92.7,Bintang_1,1,861,154,8.3,3.1,0.86,5.8,0.35,4,213.42,110.65,16.25,10.29,48.35,3.73,402.67,419.4,4.15,4.34,Sangat Hemat,350.32,1699.53,712775,21383,47500,781659,111666,Tidak,Normal,87.1,Pertahankan pola pemakaian
USR-0682,6,48.5,Bintang_4,0,355,142,7.3,1.2,0.64,7.5,0.0,3,77.75,102.03,4.6,7.71,54.06,0.0,246.15,245.61,0.22,5.08,Sangat Hemat,214.15,1699.53,417428,12523,47500,477450,79575,Tidak,Normal,90.8,Pertahankan pola pemakaian
USR-0683,2,59.9,Bintang_1,0,799,167,10.1,1.0,0.43,7.4,0.0,2,241.19,120.34,5.37,5.14,17.8,0.0,389.85,405.87,4.11,6.51,Sangat Hemat,339.17,1699.53,689786,20694,47500,757980,378990,Tidak,Normal,56.2,Pertahankan pola pemakaian
USR-0684,6,85.5,Tidak_Ada,1,0,153,0.0,1.1,0.86,6.9,0.28,4,0.0,110.18,5.37,10.29,49.33,2.95,178.11,183.76,3.17,2.08,Sangat Hemat,154.96,1699.53,312309,9369,47500,369179,61530,Tidak,Normal,93.3,Pertahankan pola pemakaian
USR-0685,3,46.9,Tidak_Ada,0,0,152,0.0,2.2,1.07,6.5,0.0,5,0.0,109.36,10.32,12.86,23.53,0.0,156.07,163.63,4.84,3.32,Sangat Hemat,135.78,1699.53,278090,8343,47500,333933,111311,Tidak,Normal,88.3,Pertahankan pola pemakaian
USR-0686,5,92.4,Tidak_Ada,1,0,129,0.0,5.8,0.21,7.7,0.39,1,0.0,92.91,30.18,2.57,45.93,4.06,175.65,183.51,4.48,1.9,Sangat Hemat,152.82,1699.53,311889,9357,47500,368745,73749,Tidak,Normal,92.1,Pertahankan pola pemakaian
USR-0687,4,66.2,Bintang_1,0,874,145,7.2,1.5,1.07,7.9,0.0,5,189.1,104.69,7.12,12.86,38.01,0.0,351.77,359.03,2.06,5.31,Sangat Hemat,306.04,1699.53,610186,18306,47500,675992,168998,Tidak,Normal,80.3,Pertahankan pola pemakaian
USR-0688,2,63.1,Bintang_4,1,436,169,6.4,6.4,1.07,5.9,0.39,5,83.9,121.97,38.57,12.86,14.09,4.12,275.51,285.74,3.71,4.36,Sangat Hemat,239.69,1699.53,485620,14569,47500,547689,273844,Tidak,Normal,69.1,Pertahankan pola pemakaian
USR-0689,5,92.3,Bintang_1,1,837,134,8.3,3.0,0.43,5.0,0.34,2,207.81,96.82,17.87,5.14,30.18,3.57,361.4,370.36,2.48,3.91,Sangat Hemat,314.42,1699.53,629443,18883,47500,695827,139165,Tidak,Normal,83.8,Pertahankan pola pemakaian
USR-0690,6,84.1,Bintang_1,1,911,149,8.0,3.6,0.43,5.7,0.71,2,217.93,107.53,12.37,5.14,41.25,7.41,391.64,399.6,2.03,4.66,Sangat Hemat,340.72,1699.53,679137,20374,47500,747011,124502,Tidak,Normal,85.3,Pertahankan pola pemakaian
USR-0691,6,63.5,Bintang_1,0,819,131,8.0,3.6,0.43,9.1,0.0,2,196.15,94.52,15.53,5.14,65.5,0.0,376.83,384.96,2.16,5.94,Sangat Hemat,327.85,1699.53,654245,19627,47500,721372,120229,Tidak,Normal,85.9,Pertahankan pola pemakaian
USR-0692,3,108.0,Bintang_1,0,910,126,11.0,3.9,0.43,4.4,0.0,2,300.04,90.95,20.35,5.14,15.95,0.0,432.44,442.0,2.21,4.0,Sangat Hemat,376.22,1699.53,751187,22536,47500,821223,273741,Tidak,Normal,67.6,Pertahankan pola pemakaian
USR-0693,4,49.3,Bintang_1,0,872,148,9.7,2.1,0.86,5.5,0.0,4,254.9,106.78,7.76,10.29,26.54,0.0,406.26,401.36,1.21,8.24,Sangat Hemat,353.45,1699.53,682127,20464,47500,750091,187523,Tidak,Normal,77.2,Pertahankan pola pemakaian
USR-0694,4,89.3,Bintang_1,1,801,153,5.6,0.7,0.64,4.6,0.67,3,134.14,110.5,2.07,7.71,22.02,7.09,283.53,281.36,0.76,3.17,Sangat Hemat,246.67,1699.53,478179,14345,47500,540024,135006,Tidak,Normal,84.1,Pertahankan pola pemakaian
USR-0695,5,88.6,Bintang_4,0,424,190,6.3,1.9,0.21,6.1,0.0,1,79.97,136.71,7.29,2.57,36.75,0.0,263.29,257.86,2.06,2.97,Sangat Hemat,229.06,1699.53,438247,13147,47500,498895,99779,Tidak,Normal,88.2,Pertahankan pola pemakaian
USR-0696,2,64.6,Bintang_1,0,832,141,10.0,1.6,1.07,4.8,0.0,5,250.49,101.44,7.01,12.86,11.51,0.0,383.32,369.84,3.52,5.93,Sangat Hemat,333.49,1699.53,628549,18856,47500,694906,347453,Tidak,Normal,57.0,Pertahankan pola pemakaian
USR-0697,1,80.7,Bintang_4,1,415,149,6.1,3.3,0.43,5.9,0.67,2,76.11,107.28,4.91,5.14,7.07,7.06,207.57,206.71,0.42,2.57,Sangat Hemat,180.59,1699.53,351312,10539,47500,409352,409352,Tidak,Normal,53.4,Pertahankan pola pemakaian
USR-0698,1,46.5,Bintang_1,1,856,125,10.8,3.1,0.64,4.0,0.64,3,276.67,90.0,10.84,7.71,4.86,6.71,396.79,412.66,4.0,8.54,Sangat Hemat,345.21,1699.53,701328,21040,47500,769867,769867,Tidak,Normal,10.9,Pertahankan pola pemakaian
USR-0699,7,99.5,Bintang_4,1,398,162,8.9,2.3,0.0,6.6,0.22,0,105.88,116.82,6.69,0.0,55.59,2.26,287.24,291.58,1.51,2.89,Sangat Hemat,249.9,1699.53,495555,14867,47500,557922,79703,Tidak,Normal,90.8,Pertahankan pola pemakaian
USR-0700,7,67.5,Bintang_4,0,429,158,6.6,7.8,0.21,7.2,0.0,1,85.15,113.73,43.11,2.57,60.67,0.0,305.23,291.69,4.44,4.52,Sangat Hemat,265.55,1699.53,495729,14872,47500,558101,79729,Tidak,Normal,90.2,Pertahankan pola pemakaian
USR-0701,5,60.0,Bintang_1,0,884,180,8.1,1.9,0.64,5.6,0.0,3,214.0,129.43,9.88,7.71,33.7,0.0,394.73,407.01,3.11,6.58,Sangat Hemat,343.41,1699.53,691728,20752,47500,759980,151996,Tidak,Normal,82.3,Pertahankan pola pemakaian
USR-0702,5,103.9,Bintang_1,0,836,172,10.7,0.7,0.43,5.9,0.0,2,268.34,124.01,3.4,5.14,35.19,0.0,436.07,455.06,4.35,4.2,Sangat Hemat,379.38,1699.53,773385,23202,47500,844087,168817,Tidak,Normal,80.4,Pertahankan pola pemakaian
USR-0703,2,56.3,Bintang_4,1,410,157,5.2,2.9,0.43,5.8,0.32,2,64.37,113.06,13.4,5.14,14.01,3.39,213.38,220.41,3.29,3.79,Sangat Hemat,185.64,1699.53,374592,11238,47500,433329,216665,Tidak,Normal,76.0,Pertahankan pola pemakaian
USR-0704,1,44.0,Tidak_Ada,0,0,141,0.0,5.5,0.64,6.2,0.0,3,0.0,101.23,27.69,7.71,7.42,0.0,144.05,147.33,2.28,3.28,Sangat Hemat,125.32,1699.53,250389,7512,47500,305401,305401,Tidak,Normal,67.7,Pertahankan pola pemakaian
USR-0705,6,41.8,Bintang_1,0,859,154,11.1,3.2,0.43,6.0,0.0,2,285.19,110.95,11.63,5.14,42.93,0.0,455.84,439.89,3.5,10.92,Sangat Hemat,396.58,1699.53,747607,22428,47500,817535,136256,Tidak,Normal,82.9,Pertahankan pola pemakaian
USR-0706,3,89.0,Bintang_1,1,842,148,8.7,2.2,0.64,6.8,0.93,3,220.79,106.4,12.35,7.71,24.37,9.73,381.36,375.6,1.51,4.28,Sangat Hemat,331.78,1699.53,638338,19150,47500,704988,234996,Tidak,Normal,71.5,Pertahankan pola pemakaian
USR-0707,3,46.0,Bintang_4,0,397,169,9.6,3.1,1.07,7.2,0.0,5,114.74,121.73,14.39,12.86,26.04,0.0,289.75,291.65,0.65,6.3,Sangat Hemat,252.09,1699.53,495661,14870,47500,558031,186010,Tidak,Normal,78.3,Pertahankan pola pemakaian
USR-0708,3,133.1,Tidak_Ada,0,0,167,0.0,8.2,0.64,5.2,0.0,3,0.0,119.9,43.64,7.71,18.67,0.0,189.92,181.88,4.23,1.43,Sangat Hemat,165.23,1699.53,309115,9273,47500,365888,121963,Tidak,Normal,85.8,Pertahankan pola pemakaian
USR-0709,2,34.7,Bintang_4,1,331,144,4.1,1.6,1.07,5.7,0.4,5,40.54,103.73,8.5,12.86,13.66,4.17,183.46,278.87,52.0,5.28,Sangat Hemat,159.61,1699.53,473949,14218,47500,535668,267834,Ya,Anomal,79.4,Pertahankan pola pemakaian
USR-0710,4,130.4,Bintang_1,0,898,121,9.5,2.8,0.86,6.9,0.0,4,254.91,86.95,13.79,10.29,33.13,0.0,399.06,416.39,4.34,3.06,Sangat Hemat,347.18,1699.53,707667,21230,47500,776397,194099,Tidak,Normal,77.6,Pertahankan pola pemakaian
USR-0711,3,77.5,Bintang_1,0,825,177,7.0,4.1,0.86,4.6,0.0,4,173.91,127.2,19.43,10.29,16.48,0.0,347.31,354.35,2.03,4.48,Sangat Hemat,302.16,1699.53,602223,18067,47500,667790,222597,Tidak,Normal,74.0,Pertahankan pola pemakaian
USR-0712,7,69.6,Bintang_4,0,476,162,6.0,3.2,0.86,4.0,0.0,4,85.4,116.38,14.92,10.29,33.85,0.0,260.84,254.97,2.25,3.75,Sangat Hemat,226.93,1699.53,433327,13000,47500,493827,70547,Tidak,Normal,91.6,Pertahankan pola pemakaian
USR-0713,4,59.5,Bintang_4,0,464,144,6.3,2.3,0.43,6.2,0.0,2,88.06,103.4,10.41,5.14,29.89,0.0,236.9,232.81,1.73,3.98,Sangat Hemat,206.1,1699.53,395671,11870,47500,455041,113760,Tidak,Normal,86.7,Pertahankan pola pemakaian
USR-0714,3,82.8,Tidak_Ada,1,0,161,0.0,2.1,0.43,6.5,0.39,2,0.0,115.82,10.39,5.14,23.39,4.12,158.85,157.02,1.16,1.92,Sangat Hemat,138.2,1699.53,266857,8006,47500,322363,107454,Tidak,Normal,88.1,Pertahankan pola pemakaian
USR-0715,5,71.1,Tidak_Ada,0,0,151,0.0,2.3,1.07,5.3,0.0,5,0.0,109.08,10.73,12.86,31.67,0.0,164.33,157.35,4.25,2.31,Sangat Hemat,142.97,1699.53,267424,8023,47500,322947,64589,Tidak,Normal,92.6,Pertahankan pola pemakaian
USR-0716,2,105.9,Bintang_4,0,369,176,6.9,3.7,1.07,5.4,0.0,5,75.97,126.99,15.19,12.86,13.01,0.0,244.02,249.86,2.39,2.3,Sangat Hemat,212.3,1699.53,424638,12739,47500,484877,242439,Tidak,Normal,72.6,Pertahankan pola pemakaian
USR-0717,4,74.9,Bintang_4,0,381,111,7.9,3.6,0.21,5.2,0.0,1,90.04,80.21,18.24,2.57,25.15,0.0,216.21,209.22,3.23,2.89,Sangat Hemat,188.1,1699.53,355576,10667,47500,413744,103436,Tidak,Normal,87.9,Pertahankan pola pemakaian
USR-0718,3,75.9,Bintang_1,0,866,142,10.7,9.6,0.64,5.1,0.0,3,277.7,102.28,45.4,7.71,18.48,0.0,451.57,465.35,3.05,5.95,Sangat Hemat,392.87,1699.53,790873,23726,47500,862100,287367,Tidak,Normal,66.2,Pertahankan pola pemakaian
USR-0719,5,63.4,Bintang_4,0,413,182,8.8,1.1,1.71,6.7,0.0,8,108.79,131.03,6.04,20.57,40.16,0.0,306.59,317.2,3.46,4.84,Sangat Hemat,266.74,1699.53,539089,16173,47500,602762,120552,Tidak,Normal,86.2,Pertahankan pola pemakaian
USR-0720,2,70.6,Bintang_4,1,410,161,5.2,7.8,0.64,4.8,0.38,3,63.45,116.11,22.4,7.71,11.57,4.01,225.26,228.38,1.38,3.19,Sangat Hemat,195.97,1699.53,388131,11644,47500,447275,223637,Tidak,Normal,74.7,Pertahankan pola pemakaian
USR-0721,6,80.2,Bintang_4,1,364,185,7.9,2.4,1.29,5.7,0.39,6,86.5,133.53,10.9,15.43,41.29,4.12,291.76,299.64,2.7,3.64,Sangat Hemat,253.83,1699.53,509242,15277,47500,572019,95337,Tidak,Normal,89.1,Pertahankan pola pemakaian
USR-0722,3,39.6,Bintang_4,1,413,126,9.5,2.6,0.21,5.1,0.74,1,117.33,90.41,9.91,2.57,18.34,7.74,246.29,238.21,3.28,6.22,Sangat Hemat,214.27,1699.53,404838,12145,47500,464483,154828,Tidak,Normal,81.6,Pertahankan pola pemakaian
USR-0723,4,44.9,Bintang_1,1,877,171,8.5,4.6,0.64,4.5,0.44,3,224.11,123.44,18.36,7.71,21.81,4.58,400.01,403.05,0.76,8.91,Sangat Hemat,348.01,1699.53,684997,20550,47500,753047,188262,Tidak,Normal,77.5,Pertahankan pola pemakaian
USR-0724,5,93.4,Bintang_4,1,345,170,7.3,4.5,0.43,6.9,0.27,2,75.54,122.58,22.68,5.14,41.22,2.87,270.03,274.8,1.77,2.89,Sangat Hemat,234.93,1699.53,467036,14011,47500,528548,105710,Tidak,Normal,87.9,Pertahankan pola pemakaian
USR-0725,4,76.4,Tidak_Ada,0,0,116,0.0,5.4,0.21,5.5,0.0,1,0.0,83.78,17.45,2.57,26.3,0.0,130.11,132.21,1.62,1.7,Sangat Hemat,113.2,1699.53,224701,6741,47500,278942,69736,Tidak,Normal,92.7,Pertahankan pola pemakaian
USR-0726,4,67.5,Bintang_1,0,760,144,10.3,6.2,0.43,6.2,0.0,2,234.07,103.74,28.65,5.14,29.7,0.0,401.32,627.08,56.25,5.94,Sangat Hemat,349.15,1699.53,1065734,31972,47500,1145206,286301,Ya,Anomal,77.5,Pertahankan pola pemakaian
USR-0727,2,72.5,Tidak_Ada,0,0,148,0.0,2.7,0.64,4.5,0.0,3,0.0,106.47,12.02,7.71,10.78,0.0,136.98,134.85,1.56,1.89,Sangat Hemat,119.17,1699.53,229174,6875,47500,283549,141775,Tidak,Normal,84.6,Pertahankan pola pemakaian
USR-0728,3,81.3,Bintang_1,0,782,118,7.8,6.2,0.86,5.3,0.0,4,182.29,84.68,22.22,10.29,18.93,0.0,318.4,312.83,1.75,3.92,Sangat Hemat,277.01,1699.53,531659,15950,47500,595108,198369,Tidak,Normal,76.2,Pertahankan pola pemakaian
USR-0729,2,59.6,Bintang_4,0,424,145,7.6,1.9,0.43,6.8,0.0,2,97.13,104.05,8.65,5.14,16.21,0.0,231.18,232.86,0.73,3.88,Sangat Hemat,201.13,1699.53,395746,11872,47500,455119,227559,Tidak,Normal,74.0,Pertahankan pola pemakaian
USR-0730,1,54.8,Bintang_1,1,853,167,8.7,2.3,0.43,8.6,0.79,2,221.73,120.57,8.63,5.14,10.3,8.25,374.64,384.58,2.65,6.83,Sangat Hemat,325.94,1699.53,653600,19608,47500,720708,720708,Tidak,Normal,15.9,Pertahankan pola pemakaian
USR-0731,3,77.1,Bintang_4,0,406,142,5.9,2.4,0.64,4.0,0.0,3,72.25,102.37,15.79,7.71,14.49,0.0,212.6,214.1,0.71,2.76,Sangat Hemat,184.97,1699.53,363878,10916,47500,422294,140765,Tidak,Normal,84.1,Pertahankan pola pemakaian
USR-0732,4,51.1,Bintang_4,0,395,155,9.6,2.0,1.07,5.8,0.0,5,113.81,111.49,11.06,12.86,27.83,0.0,277.06,284.12,2.55,5.42,Sangat Hemat,241.04,1699.53,482863,14486,47500,544848,136212,Tidak,Normal,84.4,Pertahankan pola pemakaian
USR-0733,4,83.1,Tidak_Ada,1,0,155,0.0,2.8,0.64,6.4,0.81,3,0.0,111.59,12.85,7.71,30.78,8.47,171.41,164.53,4.01,2.06,Sangat Hemat,149.13,1699.53,279631,8389,47500,335520,83880,Tidak,Normal,90.4,Pertahankan pola pemakaian
USR-0734,7,39.7,Tidak_Ada,0,0,150,0.0,4.7,0.64,5.4,0.0,3,0.0,107.83,19.14,7.71,45.22,0.0,179.9,186.7,3.78,4.53,Sangat Hemat,156.51,1699.53,317309,9519,47500,374328,53475,Tidak,Normal,94.2,Pertahankan pola pemakaian
USR-0735,2,103.2,Bintang_4,1,366,136,7.3,4.0,0.43,6.8,0.34,2,79.6,97.85,19.9,5.14,16.44,3.61,222.53,223.35,0.37,2.16,Sangat Hemat,193.6,1699.53,379588,11388,47500,438476,219238,Tidak,Normal,75.0,Pertahankan pola pemakaian
USR-0736,5,85.0,Bintang_1,1,779,163,12.1,1.9,0.21,5.1,0.53,1,282.3,117.49,9.77,2.57,30.8,5.58,448.5,427.76,4.63,5.28,Sangat Hemat,390.2,1699.53,726986,21810,47500,796296,159259,Tidak,Normal,79.9,Pertahankan pola pemakaian
USR-0737,8,78.7,Bintang_4,1,363,118,7.5,1.8,0.64,6.2,0.78,3,81.69,85.15,8.47,7.71,59.08,8.14,250.24,253.83,1.43,3.18,Sangat Hemat,217.71,1699.53,431388,12942,47500,491830,61479,Tidak,Normal,93.0,Pertahankan pola pemakaian
USR-0738,9,101.6,Bintang_4,0,394,150,4.7,1.6,0.86,5.5,0.0,4,55.57,108.12,5.84,10.29,59.16,0.0,238.98,239.39,0.17,2.35,Sangat Hemat,207.91,1699.53,406852,12206,47500,466558,51840,Tidak,Normal,94.0,Pertahankan pola pemakaian
USR-0739,2,129.0,Bintang_4,0,453,178,4.6,2.9,0.43,7.2,0.0,2,62.42,127.95,12.36,5.14,17.33,0.0,225.2,218.9,2.8,1.75,Sangat Hemat,195.92,1699.53,372027,11161,47500,430688,215344,Tidak,Normal,74.7,Pertahankan pola pemakaian
USR-0740,4,102.7,Bintang_1,0,830,141,11.1,1.1,0.21,5.3,0.0,1,277.52,101.56,4.81,2.57,25.55,0.0,412.01,652.36,58.33,4.01,Sangat Hemat,358.45,1699.53,1108698,33261,47500,1189459,297365,Ya,Anomal,76.9,Pertahankan pola pemakaian
USR-0741,4,37.8,Bintang_4,0,461,135,7.3,1.6,1.07,5.6,0.0,5,100.85,97.53,7.58,12.86,27.11,0.0,245.93,352.61,43.38,6.51,Sangat Hemat,213.96,1699.53,599274,17978,47500,664752,166188,Ya,Anomal,86.2,Pertahankan pola pemakaian
USR-0742,6,46.0,Bintang_4,1,414,165,4.6,2.1,0.43,6.9,0.57,2,57.75,118.45,9.87,5.14,50.01,5.98,247.2,242.81,1.77,5.37,Sangat Hemat,215.06,1699.53,412668,12380,47500,472548,78758,Tidak,Normal,90.7,Pertahankan pola pemakaian
USR-0743,5,57.9,Bintang_4,0,404,153,7.2,5.1,0.43,5.0,0.0,2,87.21,110.35,26.41,5.14,29.83,0.0,258.95,258.79,0.06,4.48,Sangat Hemat,225.29,1699.53,439826,13195,47500,500521,100104,Tidak,Normal,88.4,Pertahankan pola pemakaian
USR-0744,1,72.7,Bintang_1,0,851,165,10.0,2.5,1.07,6.1,0.0,5,254.7,118.73,14.33,12.86,7.28,0.0,407.9,392.73,3.72,5.61,Sangat Hemat,354.87,1699.53,667465,20024,47500,734989,734989,Tidak,Normal,8.4,Pertahankan pola pemakaian
USR-0745,2,86.3,Bintang_1,1,896,151,7.7,5.0,0.21,4.2,0.67,1,206.8,108.55,26.9,2.57,10.03,6.99,361.84,377.39,4.3,4.19,Sangat Hemat,314.8,1699.53,641385,19242,47500,708127,354063,Tidak,Normal,59.4,Pertahankan pola pemakaian
USR-0746,6,55.8,Tidak_Ada,0,0,102,0.0,3.0,0.64,4.9,0.0,3,0.0,73.61,15.31,7.71,35.37,0.0,132.0,129.6,1.81,2.36,Sangat Hemat,114.84,1699.53,220265,6608,47500,274373,45729,Tidak,Normal,95.1,Pertahankan pola pemakaian
USR-0747,5,76.9,Bintang_1,1,847,174,8.3,2.0,1.29,6.4,0.0,6,210.54,124.99,6.89,15.43,38.29,0.0,396.14,384.05,3.05,5.15,Sangat Hemat,344.64,1699.53,652706,19581,47500,719787,143957,Tidak,Normal,82.2,Pertahankan pola pemakaian
USR-0748,4,55.3,Tidak_Ada,1,0,191,0.0,2.1,0.86,5.0,0.53,4,0.0,137.81,11.67,10.29,24.04,5.52,189.33,188.92,0.22,3.43,Sangat Hemat,164.72,1699.53,321075,9632,47500,378207,94552,Tidak,Normal,89.4,Pertahankan pola pemakaian
USR-0749,5,58.1,Tidak_Ada,0,0,176,0.0,1.4,1.29,5.5,0.0,6,0.0,126.49,7.07,15.43,32.73,0.0,181.72,173.42,4.57,3.13,Sangat Hemat,158.1,1699.53,294738,8842,47500,351080,70216,Tidak,Normal,91.8,Pertahankan pola pemakaian
USR-0750,4,44.0,Tidak_Ada,0,0,80,0.0,11.5,0.0,6.5,0.0,0,0.0,57.6,49.08,0.0,31.17,0.0,137.85,134.44,2.47,3.13,Sangat Hemat,119.93,1699.53,228486,6855,47500,282841,70710,Tidak,Normal,92.3,Pertahankan pola pemakaian
USR-0751,4,52.1,Tidak_Ada,0,0,159,0.0,5.3,0.64,5.4,0.0,3,0.0,114.5,23.96,7.71,26.02,0.0,172.19,246.27,43.02,3.3,Sangat Hemat,149.8,1699.53,418540,12556,47500,478596,119649,Ya,Anomal,90.3,Pertahankan pola pemakaian
USR-0752,1,44.9,Bintang_4,0,420,141,8.7,3.9,1.07,6.8,0.0,5,109.2,101.28,17.8,12.86,8.19,0.0,249.33,240.03,3.73,5.56,Sangat Hemat,216.91,1699.53,407946,12238,47500,467684,467684,Tidak,Normal,44.0,Pertahankan pola pemakaian
USR-0753,8,51.2,Tidak_Ada,0,0,128,0.0,1.2,0.64,6.2,0.0,3,0.0,92.39,5.11,7.71,59.67,0.0,164.88,158.48,3.88,3.22,Sangat Hemat,143.44,1699.53,269347,8080,47500,324927,40616,Tidak,Normal,95.4,Pertahankan pola pemakaian
USR-0754,2,104.1,Bintang_1,0,851,152,9.8,2.1,0.86,6.4,0.0,4,251.31,109.77,6.07,10.29,15.45,0.0,392.88,407.51,3.72,3.77,Sangat Hemat,341.8,1699.53,692574,20777,47500,760851,380426,Tidak,Normal,55.9,Pertahankan pola pemakaian
USR-0755,4,51.6,Bintang_1,0,938,147,5.7,1.5,0.21,7.2,0.0,1,159.26,105.86,5.29,2.57,34.76,0.0,307.74,320.98,4.3,5.96,Sangat Hemat,267.73,1699.53,545523,16366,47500,609389,152347,Tidak,Normal,82.7,Pertahankan pola pemakaian
USR-0756,7,180.9,Tidak_Ada,0,0,160,0.0,2.9,1.5,6.3,0.0,7,0.0,115.32,10.81,18.0,53.09,0.0,197.22,196.72,0.25,1.09,Sangat Hemat,171.58,1699.53,334331,10030,47500,391861,55980,Tidak,Normal,93.7,Pertahankan pola pemakaian
USR-0757,6,85.6,Tidak_Ada,0,0,151,0.0,1.6,0.43,7.5,0.0,2,0.0,108.81,4.25,5.14,54.28,0.0,172.49,174.74,1.3,2.02,Sangat Hemat,150.07,1699.53,296975,8909,47500,353384,58897,Tidak,Normal,93.5,Pertahankan pola pemakaian
USR-0758,3,76.8,Tidak_Ada,0,0,128,0.0,1.8,0.86,6.9,0.0,4,0.0,91.86,6.36,10.29,24.88,0.0,133.39,136.0,1.96,1.74,Sangat Hemat,116.05,1699.53,231136,6934,47500,285570,95190,Tidak,Normal,90.0,Pertahankan pola pemakaian
USR-0759,5,53.3,Tidak_Ada,0,0,138,0.0,1.6,0.86,5.5,0.0,4,0.0,99.7,8.75,10.29,32.86,0.0,151.59,149.94,1.09,2.84,Sangat Hemat,131.88,1699.53,254834,7645,47500,309979,61996,Tidak,Normal,93.2,Pertahankan pola pemakaian
USR-0760,5,92.0,Tidak_Ada,0,0,135,0.0,2.4,0.21,7.3,0.0,1,0.0,97.37,11.62,2.57,43.76,0.0,155.33,222.03,42.95,1.69,Sangat Hemat,135.13,1699.53,377353,11321,47500,436173,87235,Ya,Anomal,93.0,Pertahankan pola pemakaian
USR-0761,3,58.9,Bintang_4,0,352,116,6.9,2.8,0.64,6.3,0.0,3,73.04,83.28,10.29,7.71,22.55,0.0,196.88,200.33,1.76,3.34,Sangat Hemat,171.28,1699.53,340472,10214,47500,398186,132729,Tidak,Normal,85.3,Pertahankan pola pemakaian
USR-0762,3,75.1,Tidak_Ada,0,0,123,0.0,2.4,0.64,5.6,0.0,3,0.0,88.25,9.28,7.71,20.18,0.0,125.42,123.88,1.23,1.67,Sangat Hemat,109.12,1699.53,210533,6316,47500,264349,88116,Tidak,Normal,90.6,Pertahankan pola pemakaian
USR-0763,5,176.4,Bintang_1,1,866,146,5.9,6.8,1.29,6.3,0.55,6,152.23,104.96,38.23,15.43,37.67,5.75,354.27,357.14,0.81,2.01,Sangat Hemat,308.21,1699.53,606966,18209,47500,672675,134535,Tidak,Normal,84.1,Pertahankan pola pemakaian
USR-0764,1,69.6,Tidak_Ada,0,0,178,0.0,4.4,0.86,7.1,0.0,4,0.0,128.5,24.69,10.29,8.53,0.0,172.02,172.28,0.15,2.47,Sangat Hemat,149.65,1699.53,292792,8784,47500,349076,349076,Tidak,Normal,61.4,Pertahankan pola pemakaian
USR-0765,4,107.7,Tidak_Ada,0,0,139,0.0,1.7,0.64,6.5,0.0,3,0.0,100.29,7.75,7.71,30.98,0.0,146.74,147.1,0.24,1.36,Sangat Hemat,127.66,1699.53,249999,7500,47500,304999,76250,Tidak,Normal,91.8,Pertahankan pola pemakaian
USR-0766,2,56.3,Tidak_Ada,0,0,135,0.0,3.3,0.64,7.8,0.0,3,0.0,97.09,18.37,7.71,18.77,0.0,141.95,201.17,41.73,2.52,Sangat Hemat,123.49,1699.53,341903,10257,47500,399660,199830,Ya,Anomal,84.1,Pertahankan pola pemakaian
USR-0767,1,71.1,Bintang_1,0,809,126,10.0,1.8,0.64,7.1,0.0,3,243.81,90.99,6.8,7.71,8.5,0.0,357.82,365.12,2.04,5.03,Sangat Hemat,311.3,1699.53,620537,18616,47500,686653,686653,Tidak,Normal,19.6,Pertahankan pola pemakaian
USR-0768,2,133.8,Bintang_4,1,387,151,4.2,2.1,0.64,6.5,0.34,3,48.78,108.44,10.09,7.71,15.66,3.61,194.29,203.24,4.61,1.45,Sangat Hemat,169.03,1699.53,345411,10362,47500,403273,201637,Tidak,Normal,78.2,Pertahankan pola pemakaian
USR-0769,4,57.8,Bintang_4,0,379,174,10.0,3.6,0.86,5.0,0.0,4,113.4,124.98,11.5,10.29,23.87,0.0,284.04,292.3,2.91,4.91,Sangat Hemat,247.11,1699.53,496780,14903,47500,559183,139796,Tidak,Normal,84.1,Pertahankan pola pemakaian
USR-0770,4,135.8,Tidak_Ada,1,0,190,0.0,4.1,0.64,5.8,0.49,3,0.0,136.84,16.91,7.71,27.94,5.12,194.52,287.58,47.85,1.43,Sangat Hemat,169.23,1699.53,488758,14663,47500,550921,137730,Ya,Anomal,89.1,Pertahankan pola pemakaian
USR-0771,2,92.2,Bintang_1,0,817,156,12.4,1.9,0.21,6.1,0.0,1,304.97,112.11,8.65,2.57,14.57,0.0,442.87,453.44,2.38,4.8,Sangat Hemat,385.3,1699.53,770629,23119,47500,841248,420624,Tidak,Normal,50.3,Pertahankan pola pemakaian
USR-0772,9,59.1,Bintang_1,0,872,153,8.3,1.4,0.86,6.7,0.0,4,216.75,110.02,4.18,10.29,72.32,0.0,413.56,420.41,1.66,6.99,Sangat Hemat,359.8,1699.53,714497,21435,47500,783432,87048,Tidak,Normal,89.7,Pertahankan pola pemakaian
USR-0773,4,89.8,Bintang_4,0,430,139,5.5,2.9,1.07,6.6,0.0,5,70.47,100.17,14.42,12.86,31.86,0.0,229.78,348.51,51.67,2.56,Sangat Hemat,199.91,1699.53,592302,17769,47500,657572,164393,Ya,Anomal,87.1,Pertahankan pola pemakaian
USR-0774,5,101.2,Tidak_Ada,0,0,142,0.0,3.5,1.07,6.2,0.0,5,0.0,102.58,18.29,12.86,37.02,0.0,170.74,170.41,0.19,1.69,Sangat Hemat,148.55,1699.53,289623,8689,47500,345812,69162,Tidak,Normal,92.3,Pertahankan pola pemakaian
USR-0775,4,89.5,Tidak_Ada,0,0,163,0.0,1.9,0.64,6.1,0.0,3,0.0,117.06,10.03,7.71,29.38,0.0,164.18,157.0,4.38,1.83,Sangat Hemat,142.84,1699.53,266819,8005,47500,322323,80581,Tidak,Normal,90.8,Pertahankan pola pemakaian
USR-0776,3,41.6,Tidak_Ada,1,0,144,0.0,4.4,0.64,6.7,0.57,3,0.0,103.47,29.29,7.71,24.19,5.97,170.63,178.33,4.51,4.11,Sangat Hemat,148.45,1699.53,303084,9093,47500,359677,119892,Tidak,Normal,87.2,Pertahankan pola pemakaian
USR-0777,6,55.8,Bintang_1,1,811,147,11.4,4.0,1.07,5.1,0.73,5,276.33,105.66,19.45,12.86,37.02,7.67,458.99,475.14,3.52,8.22,Sangat Hemat,399.32,1699.53,807513,24225,47500,879238,146540,Tidak,Normal,82.8,Pertahankan pola pemakaian
USR-0778,5,66.0,Bintang_4,0,392,149,8.6,1.8,0.64,7.7,0.0,3,100.89,107.63,8.16,7.71,46.17,0.0,270.57,270.22,0.13,4.1,Sangat Hemat,235.4,1699.53,459239,13777,47500,520516,104103,Tidak,Normal,87.8,Pertahankan pola pemakaian
USR-0779,5,70.1,Bintang_4,1,434,138,7.9,5.4,0.43,4.0,0.91,2,103.52,99.49,16.38,5.14,23.72,9.58,257.83,249.02,3.41,3.68,Sangat Hemat,224.31,1699.53,423223,12697,47500,483419,96684,Tidak,Normal,88.4,Pertahankan pola pemakaian
USR-0780,4,89.5,Bintang_4,1,463,149,7.6,5.5,0.64,7.5,0.41,3,106.19,106.92,26.47,7.71,35.79,4.31,287.39,296.72,3.24,3.21,Sangat Hemat,250.03,1699.53,504283,15128,47500,566911,141728,Tidak,Normal,83.9,Pertahankan pola pemakaian
USR-0781,4,76.6,Tidak_Ada,0,0,110,0.0,9.4,0.21,6.0,0.0,1,0.0,78.92,47.03,2.57,28.58,0.0,157.1,156.01,0.69,2.05,Sangat Hemat,136.68,1699.53,265150,7954,47500,320604,80151,Tidak,Normal,91.2,Pertahankan pola pemakaian
USR-0782,3,45.1,Bintang_1,0,864,161,9.1,7.6,0.86,7.0,0.0,4,235.66,115.9,24.9,10.29,25.21,0.0,411.95,407.43,1.1,9.13,Sangat Hemat,358.4,1699.53,692431,20773,47500,760704,253568,Tidak,Normal,69.2,Pertahankan pola pemakaian
USR-0783,1,82.2,Bintang_4,0,367,197,8.6,1.6,1.07,6.4,0.0,5,94.38,141.87,6.78,12.86,7.64,0.0,263.51,267.87,1.65,3.2,Sangat Hemat,229.26,1699.53,455258,13658,47500,516416,516416,Tidak,Normal,40.8,Pertahankan pola pemakaian
USR-0784,1,89.2,Bintang_4,1,415,139,6.3,4.7,0.64,6.3,0.37,3,78.78,100.05,21.36,7.71,7.62,3.9,219.41,225.09,2.59,2.46,Sangat Hemat,190.89,1699.53,382541,11476,47500,441518,441518,Tidak,Normal,50.7,Pertahankan pola pemakaian
USR-0785,5,87.6,Bintang_1,1,822,157,10.2,4.6,0.64,6.6,0.72,3,251.4,113.38,22.93,7.71,39.33,7.6,442.36,423.02,4.37,5.05,Sangat Hemat,384.85,1699.53,718936,21568,47500,788004,157601,Tidak,Normal,80.1,Pertahankan pola pemakaian
USR-0786,6,105.1,Tidak_Ada,0,0,167,0.0,2.2,0.21,6.8,0.0,1,0.0,120.26,11.62,2.57,49.03,0.0,183.48,188.39,2.68,1.75,Sangat Hemat,159.63,1699.53,320178,9605,47500,377284,62881,Tidak,Normal,93.1,Pertahankan pola pemakaian
USR-0787,6,96.4,Bintang_1,0,865,176,9.7,3.6,0.43,5.7,0.0,2,252.5,126.44,14.35,5.14,40.83,0.0,439.26,449.54,2.34,4.56,Sangat Hemat,382.16,1699.53,764001,22920,47500,834421,139070,Tidak,Normal,83.6,Pertahankan pola pemakaian
USR-0788,3,84.6,Tidak_Ada,0,0,145,0.0,0.9,0.43,7.0,0.0,2,0.0,104.19,4.12,5.14,25.33,0.0,138.79,140.02,0.89,1.64,Sangat Hemat,120.74,1699.53,237976,7139,47500,292615,97538,Tidak,Normal,89.6,Pertahankan pola pemakaian
USR-0789,6,70.3,Bintang_1,1,902,114,10.2,0.9,1.29,4.9,0.69,6,274.9,82.03,4.35,15.43,35.39,7.22,419.32,412.54,1.62,5.97,Sangat Hemat,364.81,1699.53,701132,21034,47500,769666,128278,Tidak,Normal,84.3,Pertahankan pola pemakaian
USR-0790,5,40.3,Bintang_1,1,806,155,9.4,1.0,1.07,6.0,0.37,5,227.1,111.85,4.21,12.86,35.97,3.87,395.86,665.31,68.07,9.83,Sangat Hemat,344.4,1699.53,1130717,33921,47500,1212138,242428,Ya,Anomal,82.2,Pertahankan pola pemakaian
USR-0791,6,83.7,Bintang_1,1,905,153,5.3,3.4,0.86,6.8,0.84,4,144.14,109.85,14.15,10.29,49.22,8.79,336.43,323.06,3.97,4.02,Sangat Hemat,292.69,1699.53,549055,16472,47500,613027,102171,Tidak,Normal,87.4,Pertahankan pola pemakaian
USR-0792,1,77.4,Bintang_4,0,381,143,5.0,3.5,1.29,7.0,0.0,6,56.92,103.02,18.16,15.43,8.39,0.0,201.92,191.85,4.99,2.61,Sangat Hemat,175.67,1699.53,326058,9782,47500,383340,383340,Tidak,Normal,54.7,Pertahankan pola pemakaian
USR-0793,3,79.2,Tidak_Ada,1,0,147,0.0,2.3,0.86,6.5,0.23,4,0.0,106.08,10.01,10.29,23.26,2.42,152.06,215.31,41.6,1.92,Sangat Hemat,132.29,1699.53,365919,10978,47500,424397,141466,Ya,Anomal,88.6,Pertahankan pola pemakaian
USR-0794,3,46.1,Bintang_4,0,454,153,7.0,7.6,0.21,5.6,0.0,1,95.34,110.07,26.13,2.57,20.18,0.0,254.29,252.04,0.89,5.52,Sangat Hemat,221.23,1699.53,428346,12850,47500,488697,162899,Tidak,Normal,81.0,Pertahankan pola pemakaian
USR-0795,6,49.3,Bintang_1,1,828,157,6.8,4.9,1.29,6.9,0.38,6,168.53,113.21,28.19,15.43,49.66,4.01,379.02,369.3,2.56,7.69,Sangat Hemat,329.74,1699.53,627637,18829,47500,693966,115661,Tidak,Normal,85.8,Pertahankan pola pemakaian
USR-0796,2,104.1,Bintang_1,0,763,156,8.5,1.0,0.43,5.3,0.0,2,193.83,112.61,3.67,5.14,12.79,0.0,328.05,321.78,1.91,3.15,Sangat Hemat,285.4,1699.53,546873,16406,47500,610779,305390,Tidak,Normal,63.2,Pertahankan pola pemakaian
USR-0797,9,71.0,Bintang_4,1,379,146,5.4,2.5,0.43,7.8,0.44,2,61.92,104.87,10.82,5.14,83.72,4.57,271.04,424.85,56.75,3.82,Sangat Hemat,235.81,1699.53,722054,21662,47500,791215,87913,Ya,Anomal,93.2,Pertahankan pola pemakaian
USR-0798,4,91.4,Tidak_Ada,0,0,158,0.0,1.5,0.64,5.9,0.0,3,0.0,113.53,7.41,7.71,28.39,0.0,157.05,154.04,1.92,1.72,Sangat Hemat,136.63,1699.53,261794,7854,47500,317147,79287,Tidak,Normal,91.2,Pertahankan pola pemakaian
USR-0799,3,72.7,Bintang_1,1,836,144,8.6,3.5,1.07,4.5,0.48,5,215.32,103.9,17.11,12.86,16.06,5.09,370.32,585.29,58.05,5.09,Sangat Hemat,322.18,1699.53,994717,29841,47500,1072058,357353,Ya,Anomal,72.3,Pertahankan pola pemakaian
USR-0800,5,72.8,Bintang_4,0,453,163,5.1,2.7,0.64,4.8,0.0,3,69.39,117.25,12.42,7.71,28.83,0.0,235.6,235.4,0.08,3.24,Sangat Hemat,204.97,1699.53,400077,12002,47500,459579,91916,Tidak,Normal,89.4,Pertahankan pola pemakaian
USR-0801,5,100.0,Tidak_Ada,0,0,137,0.0,1.6,0.64,6.0,0.0,3,0.0,98.96,2.96,7.71,36.26,0.0,145.9,138.89,4.81,1.46,Sangat Hemat,126.94,1699.53,236051,7082,47500,290632,58126,Tidak,Normal,93.4,Pertahankan pola pemakaian
USR-0802,2,60.1,Bintang_4,1,381,151,5.4,7.5,0.21,6.1,0.55,1,62.26,109.05,29.06,2.57,14.74,5.74,223.42,217.31,2.73,3.72,Sangat Hemat,194.38,1699.53,369330,11080,47500,427910,213955,Tidak,Normal,74.9,Pertahankan pola pemakaian
USR-0803,3,74.5,Bintang_4,0,423,118,5.4,2.8,0.43,8.0,0.0,2,68.1,84.62,13.41,5.14,28.69,0.0,199.96,204.15,2.1,2.69,Sangat Hemat,173.97,1699.53,346966,10409,47500,404875,134958,Tidak,Normal,85.0,Pertahankan pola pemakaian
USR-0804,5,61.2,Bintang_1,0,759,143,11.9,2.1,0.64,5.0,0.0,3,271.96,102.67,9.32,7.71,29.77,0.0,421.44,413.05,1.99,6.88,Sangat Hemat,366.65,1699.53,701984,21060,47500,770544,154109,Tidak,Normal,81.1,Pertahankan pola pemakaian
USR-0805,4,61.8,Bintang_4,0,426,161,7.5,2.3,0.21,6.0,0.0,1,96.16,116.17,11.58,2.57,28.99,0.0,255.48,266.21,4.2,4.13,Sangat Hemat,222.27,1699.53,452440,13573,47500,513513,128378,Tidak,Normal,85.7,Pertahankan pola pemakaian
USR-0806,3,64.6,Bintang_1,0,835,129,9.3,7.2,0.21,4.9,0.0,1,232.7,93.11,38.91,2.57,17.79,0.0,385.08,393.27,2.13,5.96,Sangat Hemat,335.02,1699.53,668369,20051,47500,735920,245307,Tidak,Normal,71.2,Pertahankan pola pemakaian
USR-0807,1,77.8,Bintang_4,0,431,144,8.8,4.7,0.86,5.5,0.0,4,113.31,103.39,23.27,10.29,6.61,0.0,256.87,359.87,40.1,3.3,Sangat Hemat,223.47,1699.53,611607,18348,47500,677456,677456,Ya,Anomal,42.3,Pertahankan pola pemakaian
USR-0808,4,60.9,Tidak_Ada,1,0,102,0.0,2.5,0.43,7.7,0.45,2,0.0,73.37,9.48,5.14,36.88,4.73,129.6,129.82,0.16,2.13,Sangat Hemat,112.76,1699.53,220627,6619,47500,274745,68686,Tidak,Normal,92.7,Pertahankan pola pemakaian
USR-0809,2,111.7,Bintang_4,1,434,123,5.8,1.5,0.86,4.9,0.26,4,75.97,88.3,6.02,10.29,11.67,2.73,194.98,198.24,1.67,1.74,Sangat Hemat,169.63,1699.53,336914,10107,47500,394521,197261,Tidak,Normal,78.1,Pertahankan pola pemakaian
USR-0810,8,52.6,Tidak_Ada,0,0,128,0.0,1.6,0.86,6.6,0.0,4,0.0,92.07,9.82,10.29,63.24,0.0,175.41,170.03,3.07,3.33,Sangat Hemat,152.61,1699.53,288975,8669,47500,345145,43143,Tidak,Normal,95.1,Pertahankan pola pemakaian
USR-0811,7,67.4,Bintang_4,0,431,152,8.4,2.0,0.21,6.4,0.0,1,108.08,109.47,8.83,2.57,53.7,0.0,282.65,275.47,2.54,4.19,Sangat Hemat,245.9,1699.53,468173,14045,47500,529718,75674,Tidak,Normal,90.9,Pertahankan pola pemakaian
USR-0812,5,61.7,Bintang_4,1,384,157,7.2,3.7,0.64,6.0,0.55,3,83.35,112.8,16.27,7.71,35.85,5.76,261.75,261.93,0.07,4.24,Sangat Hemat,227.72,1699.53,445165,13355,47500,506020,101204,Tidak,Normal,88.2,Pertahankan pola pemakaian
USR-0813,2,119.5,Bintang_4,0,395,149,7.1,4.3,0.64,6.5,0.0,3,84.48,107.19,21.22,7.71,15.65,0.0,236.26,246.3,4.25,1.98,Sangat Hemat,205.55,1699.53,418594,12558,47500,478652,239326,Tidak,Normal,73.5,Pertahankan pola pemakaian
USR-0814,4,77.1,Bintang_4,1,395,142,7.4,1.8,0.21,4.8,0.41,1,88.03,102.49,9.87,2.57,23.23,4.33,230.52,226.93,1.56,2.99,Sangat Hemat,200.56,1699.53,385672,11570,47500,444742,111186,Tidak,Normal,87.1,Pertahankan pola pemakaian
USR-0815,6,103.3,Tidak_Ada,0,0,142,0.0,4.4,0.64,7.7,0.0,3,0.0,102.54,16.21,7.71,55.13,0.0,181.59,179.82,0.98,1.76,Sangat Hemat,157.99,1699.53,305602,9168,47500,362271,60378,Tidak,Normal,93.2,Pertahankan pola pemakaian
USR-0816,3,42.8,Bintang_4,0,348,164,7.2,1.6,0.43,7.9,0.0,2,75.07,118.31,6.39,5.14,28.53,0.0,233.45,226.22,3.09,5.45,Sangat Hemat,203.1,1699.53,384472,11534,47500,443507,147836,Tidak,Normal,82.5,Pertahankan pola pemakaian
USR-0817,2,79.1,Bintang_4,0,437,154,7.7,1.9,1.07,6.0,0.0,5,101.52,111.06,5.76,12.86,14.51,0.0,245.71,248.0,0.93,3.11,Sangat Hemat,213.77,1699.53,421490,12645,47500,481635,240817,Tidak,Normal,72.4,Pertahankan pola pemakaian
USR-0818,5,98.3,Bintang_4,1,379,143,5.9,1.1,1.07,8.4,0.45,5,67.19,103.19,4.82,12.86,50.54,4.76,243.36,249.2,2.4,2.48,Sangat Hemat,211.72,1699.53,423531,12706,47500,483736,96747,Tidak,Normal,89.1,Pertahankan pola pemakaian
USR-0819,5,74.1,Bintang_4,0,392,176,4.5,1.1,1.29,5.6,0.0,6,53.48,126.62,5.61,15.43,33.61,0.0,234.75,233.35,0.59,3.17,Sangat Hemat,204.23,1699.53,396591,11898,47500,455988,91198,Tidak,Normal,89.5,Pertahankan pola pemakaian
USR-0820,5,104.5,Tidak_Ada,0,0,189,0.0,1.6,0.64,6.4,0.0,3,0.0,136.08,6.53,7.71,38.4,0.0,188.73,193.45,2.5,1.81,Sangat Hemat,164.19,1699.53,328777,9863,47500,386141,77228,Tidak,Normal,91.5,Pertahankan pola pemakaian
USR-0821,5,60.1,Tidak_Ada,0,0,125,0.0,2.7,0.43,7.4,0.0,2,0.0,90.06,16.28,5.14,44.59,0.0,156.08,153.0,1.97,2.6,Sangat Hemat,135.79,1699.53,260026,7801,47500,315327,63065,Tidak,Normal,93.0,Pertahankan pola pemakaian
USR-0822,6,117.9,Bintang_4,1,385,160,4.6,1.5,0.21,5.5,0.49,1,53.4,115.52,6.89,2.57,39.9,5.1,223.39,228.01,2.07,1.89,Sangat Hemat,194.35,1699.53,387514,11625,47500,446640,74440,Tidak,Normal,91.6,Pertahankan pola pemakaian
USR-0823,4,161.0,Tidak_Ada,0,0,212,0.0,6.7,0.43,4.6,0.0,2,0.0,152.49,29.44,5.14,22.17,0.0,209.24,204.19,2.42,1.3,Sangat Hemat,182.04,1699.53,347021,10411,47500,404932,101233,Tidak,Normal,88.3,Pertahankan pola pemakaian
USR-0824,1,63.4,Tidak_Ada,0,0,156,0.0,1.6,0.21,4.4,0.0,1,0.0,112.03,6.5,2.57,5.27,0.0,126.37,129.92,2.81,1.99,Sangat Hemat,109.94,1699.53,220798,6624,47500,274922,274922,Tidak,Normal,71.6,Pertahankan pola pemakaian
USR-0825,6,61.6,Bintang_4,0,451,152,5.3,3.0,0.64,8.1,0.0,3,71.68,109.66,9.94,7.71,58.04,0.0,257.04,265.54,3.31,4.17,Sangat Hemat,223.62,1699.53,451287,13539,47500,512326,85388,Tidak,Normal,90.4,Pertahankan pola pemakaian
USR-0826,5,119.7,Bintang_1,0,852,149,10.2,6.0,0.86,5.5,0.0,4,261.17,107.2,26.52,10.29,32.83,0.0,438.0,451.04,2.98,3.66,Sangat Hemat,381.06,1699.53,766561,22997,47500,837058,167412,Tidak,Normal,80.3,Pertahankan pola pemakaian
USR-0827,6,125.2,Bintang_4,0,386,160,7.3,2.9,0.86,5.8,0.0,4,84.38,115.06,13.86,10.29,41.86,0.0,265.45,257.89,2.85,2.12,Sangat Hemat,230.94,1699.53,438296,13149,47500,498945,83158,Tidak,Normal,90.1,Pertahankan pola pemakaian
USR-0828,6,60.0,Bintang_4,1,410,165,5.1,2.2,0.21,4.9,0.54,1,62.26,118.87,9.6,2.57,35.19,5.63,234.12,238.67,1.94,3.9,Sangat Hemat,203.69,1699.53,405625,12169,47500,465294,77549,Tidak,Normal,91.2,Pertahankan pola pemakaian
USR-0829,2,62.2,Bintang_4,0,416,125,6.1,3.0,0.21,6.9,0.0,1,75.73,90.08,13.98,2.57,16.68,0.0,199.04,199.8,0.39,3.2,Sangat Hemat,173.16,1699.53,339570,10187,47500,397257,198628,Tidak,Normal,77.7,Pertahankan pola pemakaian
USR-0830,2,65.2,Bintang_4,0,425,149,7.0,1.9,1.07,5.2,0.0,5,88.81,107.62,7.56,12.86,12.52,0.0,229.37,240.52,4.86,3.52,Sangat Hemat,199.55,1699.53,408770,12263,47500,468533,234266,Tidak,Normal,74.2,Pertahankan pola pemakaian
USR-0831,3,45.0,Bintang_1,0,860,105,7.1,1.5,0.64,5.5,0.0,3,182.67,75.32,5.04,7.71,19.83,0.0,290.57,286.55,1.38,6.46,Sangat Hemat,252.8,1699.53,487001,14610,47500,549111,183037,Tidak,Normal,78.2,Pertahankan pola pemakaian
USR-0832,6,52.2,Bintang_4,0,406,146,9.1,3.9,0.0,6.3,0.0,0,111.24,104.99,17.29,0.0,45.36,0.0,278.88,286.44,2.71,5.34,Sangat Hemat,242.62,1699.53,486818,14605,47500,548922,91487,Tidak,Normal,89.6,Pertahankan pola pemakaian
USR-0833,4,50.7,Tidak_Ada,1,0,132,0.0,1.9,1.71,4.9,0.28,8,0.0,95.0,9.0,20.57,23.69,2.97,151.23,149.27,1.3,2.99,Sangat Hemat,131.57,1699.53,253687,7611,47500,308798,77199,Tidak,Normal,91.5,Pertahankan pola pemakaian
USR-0834,3,55.0,Bintang_4,0,419,157,6.7,4.8,0.43,5.8,0.0,2,83.92,112.88,20.73,5.14,20.96,0.0,243.64,346.85,42.36,4.43,Sangat Hemat,211.97,1699.53,589482,17684,47500,654666,218222,Ya,Anomal,81.8,Pertahankan pola pemakaian
USR-0835,3,71.1,Bintang_1,0,874,117,10.2,4.4,1.07,7.4,0.0,5,266.79,84.15,20.53,12.86,26.65,0.0,410.97,643.52,56.58,5.78,Sangat Hemat,357.55,1699.53,1093684,32811,47500,1173995,391332,Ya,Anomal,69.2,Pertahankan pola pemakaian
USR-0836,3,78.2,Tidak_Ada,0,0,140,0.0,3.0,0.64,6.4,0.0,3,0.0,100.62,15.62,7.71,23.14,0.0,147.09,143.26,2.6,1.88,Sangat Hemat,127.97,1699.53,243482,7304,47500,298287,99429,Tidak,Normal,89.0,Pertahankan pola pemakaian
USR-0837,4,123.9,Bintang_4,0,412,169,6.8,4.9,0.43,6.1,0.0,2,84.43,121.92,25.29,5.14,29.43,0.0,266.2,257.27,3.36,2.15,Sangat Hemat,231.6,1699.53,437241,13117,47500,497859,124465,Tidak,Normal,85.1,Pertahankan pola pemakaian
USR-0838,2,50.8,Bintang_1,0,859,136,11.5,2.0,1.5,6.2,0.0,7,295.43,98.26,10.34,18.0,14.92,0.0,436.95,422.06,3.41,8.61,Sangat Hemat,380.14,1699.53,717297,21519,47500,786316,393158,Tidak,Normal,50.9,Pertahankan pola pemakaian
USR-0839,4,101.6,Tidak_Ada,0,0,112,0.0,4.4,0.0,5.6,0.0,0,0.0,80.57,23.51,0.0,26.93,0.0,131.01,124.58,4.91,1.29,Sangat Hemat,113.98,1699.53,211730,6352,47500,265582,66395,Tidak,Normal,92.6,Pertahankan pola pemakaian
USR-0840,4,66.8,Tidak_Ada,0,0,155,0.0,4.3,0.64,8.0,0.0,3,0.0,111.71,21.46,7.71,38.38,0.0,179.26,184.53,2.94,2.68,Sangat Hemat,155.96,1699.53,313608,9408,47500,370517,92629,Tidak,Normal,89.9,Pertahankan pola pemakaian
USR-0841,6,70.8,Bintang_4,0,353,138,7.8,2.3,0.86,5.2,0.0,4,83.14,99.55,10.94,10.29,37.35,0.0,241.27,240.49,0.32,3.41,Sangat Hemat,209.9,1699.53,408728,12262,47500,468490,78082,Tidak,Normal,91.0,Pertahankan pola pemakaian
USR-0842,2,91.2,Bintang_1,0,874,146,9.7,2.1,0.86,6.2,0.0,4,253.53,105.32,13.13,10.29,14.91,0.0,397.17,409.25,3.04,4.36,Sangat Hemat,345.53,1699.53,695526,20866,47500,763892,381946,Tidak,Normal,55.4,Pertahankan pola pemakaian
USR-0843,1,48.6,Tidak_Ada,0,0,135,0.0,3.3,0.86,6.1,0.0,4,0.0,97.49,17.24,10.29,7.34,0.0,132.35,133.84,1.13,2.72,Sangat Hemat,115.15,1699.53,227466,6824,47500,281790,281790,Tidak,Normal,70.3,Pertahankan pola pemakaian
USR-0844,5,82.3,Bintang_4,1,374,189,7.6,8.9,1.71,7.0,0.51,8,85.08,136.43,33.11,20.57,42.05,5.31,322.55,333.24,3.31,3.92,Sangat Hemat,280.62,1699.53,566351,16991,47500,630842,126168,Tidak,Normal,85.5,Pertahankan pola pemakaian
USR-0845,5,76.3,Bintang_1,0,931,119,7.1,2.4,0.86,7.1,0.0,4,198.9,85.56,6.68,10.29,42.62,0.0,344.04,344.17,0.04,4.51,Sangat Hemat,299.32,1699.53,584934,17548,47500,649982,129996,Tidak,Normal,84.5,Pertahankan pola pemakaian
USR-0846,6,85.5,Bintang_1,0,814,207,7.1,2.1,0.43,6.0,0.0,2,173.62,148.8,8.88,5.14,42.97,0.0,379.42,364.01,4.06,4.44,Sangat Hemat,330.09,1699.53,618650,18560,47500,684710,114118,Tidak,Normal,85.8,Pertahankan pola pemakaian
USR-0847,6,79.7,Bintang_4,0,402,142,5.9,5.5,0.21,6.3,0.0,1,71.06,102.37,27.91,2.57,45.29,0.0,249.21,252.12,1.17,3.13,Sangat Hemat,216.81,1699.53,428484,12855,47500,488839,81473,Tidak,Normal,90.7,Pertahankan pola pemakaian
USR-0848,1,170.0,Bintang_4,0,414,154,8.3,2.8,0.43,6.3,0.0,2,102.91,110.64,15.19,5.14,7.59,0.0,241.48,397.27,64.51,1.42,Sangat Hemat,210.09,1699.53,675165,20255,47500,742920,742920,Ya,Anomal,45.8,Pertahankan pola pemakaian
USR-0849,3,57.6,Tidak_Ada,1,0,139,0.0,4.6,0.0,3.7,0.72,0,0.0,99.72,15.42,0.0,13.42,7.56,136.13,137.85,1.27,2.36,Sangat Hemat,118.43,1699.53,234279,7028,47500,288808,96269,Tidak,Normal,89.8,Pertahankan pola pemakaian
USR-0850,3,59.8,Tidak_Ada,0,0,138,0.0,6.6,0.86,4.4,0.0,4,0.0,99.12,33.95,10.29,15.88,0.0,159.24,164.04,3.01,2.66,Sangat Hemat,138.54,1699.53,278790,8364,47500,334653,111551,Tidak,Normal,88.1,Pertahankan pola pemakaian
USR-0851,7,57.9,Tidak_Ada,1,0,134,0.0,0.9,0.64,5.4,0.33,3,0.0,96.7,4.78,7.71,45.32,3.51,158.02,161.67,2.31,2.73,Sangat Hemat,137.47,1699.53,274771,8243,47500,330514,47216,Tidak,Normal,94.9,Pertahankan pola pemakaian
USR-0852,6,59.3,Bintang_4,1,398,162,7.5,2.7,0.21,5.4,0.13,1,89.54,116.66,13.42,2.57,39.16,1.35,262.7,260.93,0.67,4.43,Sangat Hemat,228.55,1699.53,443451,13304,47500,504255,84042,Tidak,Normal,90.2,Pertahankan pola pemakaian
USR-0853,3,57.6,Bintang_1,0,849,122,9.2,2.4,0.64,4.8,0.0,3,233.82,87.68,11.54,7.71,17.28,0.0,358.05,369.47,3.19,6.22,Sangat Hemat,311.5,1699.53,627933,18838,47500,694271,231424,Tidak,Normal,73.2,Pertahankan pola pemakaian
USR-0854,4,109.2,Tidak_Ada,0,0,157,0.0,1.5,1.29,6.7,0.0,6,0.0,113.24,6.68,15.43,32.4,0.0,167.75,170.97,1.92,1.54,Sangat Hemat,145.95,1699.53,290571,8717,47500,346788,86697,Tidak,Normal,90.6,Pertahankan pola pemakaian
USR-0855,1,118.4,Bintang_4,0,379,106,6.8,0.9,0.86,6.0,0.0,4,77.85,76.54,3.51,10.29,7.2,0.0,175.39,168.73,3.8,1.48,Sangat Hemat,152.59,1699.53,286764,8603,47500,342867,342867,Tidak,Normal,60.6,Pertahankan pola pemakaian
USR-0856,4,59.0,Bintang_1,1,903,155,6.4,1.0,0.21,5.8,0.48,1,173.07,111.94,5.45,2.57,27.77,5.09,325.89,327.18,0.4,5.53,Sangat Hemat,283.52,1699.53,556061,16682,47500,620242,155061,Tidak,Normal,81.7,Pertahankan pola pemakaian
USR-0857,4,53.8,Tidak_Ada,0,0,167,0.0,2.9,0.21,4.7,0.0,1,0.0,120.23,14.54,2.57,22.77,0.0,160.11,163.77,2.29,2.98,Sangat Hemat,139.3,1699.53,278334,8350,47500,334184,83546,Tidak,Normal,91.0,Pertahankan pola pemakaian
USR-0858,1,84.9,Bintang_4,0,433,125,7.6,2.0,0.64,6.0,0.0,3,98.5,89.65,8.3,7.71,7.15,0.0,211.31,212.43,0.53,2.49,Sangat Hemat,183.84,1699.53,361037,10831,47500,419369,419369,Tidak,Normal,52.5,Pertahankan pola pemakaian
USR-0859,2,59.3,Bintang_1,1,897,164,8.1,1.7,0.64,3.4,0.34,3,218.39,117.77,11.4,7.71,8.1,3.6,366.98,592.33,61.41,6.18,Sangat Hemat,319.27,1699.53,1006674,30200,47500,1084374,542187,Ya,Anomal,58.8,Pertahankan pola pemakaian
USR-0860,6,89.9,Tidak_Ada,0,0,151,0.0,2.9,1.5,5.8,0.0,7,0.0,108.74,9.04,18.0,42.03,0.0,177.8,170.72,3.99,1.98,Sangat Hemat,154.69,1699.53,290139,8704,47500,346344,57724,Tidak,Normal,93.3,Pertahankan pola pemakaian
USR-0861,4,77.3,Tidak_Ada,1,0,182,0.0,1.8,1.07,6.1,0.5,5,0.0,131.02,7.7,12.86,29.1,5.21,185.89,190.02,2.22,2.4,Sangat Hemat,161.72,1699.53,322944,9688,47500,380133,95033,Tidak,Normal,89.6,Pertahankan pola pemakaian
USR-0862,2,42.4,Bintang_4,0,357,133,7.3,5.9,1.5,6.2,0.0,7,78.17,95.69,22.43,18.0,14.98,0.0,229.27,236.71,3.24,5.41,Sangat Hemat,199.46,1699.53,402292,12069,47500,461860,230930,Tidak,Normal,74.3,Pertahankan pola pemakaian
USR-0863,7,123.8,Tidak_Ada,0,0,206,0.0,1.9,0.64,4.4,0.0,3,0.0,148.55,9.08,7.71,37.26,0.0,202.6,206.71,2.03,1.64,Sangat Hemat,176.26,1699.53,351305,10539,47500,409344,58478,Tidak,Normal,93.5,Pertahankan pola pemakaian
USR-0864,5,135.0,Bintang_4,0,427,102,8.1,6.7,0.43,6.2,0.0,2,103.79,73.57,18.42,5.14,37.35,0.0,238.27,235.55,1.14,1.77,Sangat Hemat,207.3,1699.53,400319,12010,47500,459829,91966,Tidak,Normal,89.3,Pertahankan pola pemakaian
USR-0865,4,58.1,Bintang_1,0,896,143,8.6,2.7,0.86,5.0,0.0,4,232.08,103.26,15.06,10.29,23.8,0.0,384.49,380.08,1.15,6.62,Sangat Hemat,334.5,1699.53,645962,19379,47500,712841,178210,Tidak,Normal,78.4,Pertahankan pola pemakaian
USR-0866,6,62.9,Tidak_Ada,0,0,116,0.0,1.8,0.43,5.2,0.0,2,0.0,83.54,9.94,5.14,37.35,0.0,135.97,137.15,0.87,2.16,Sangat Hemat,118.29,1699.53,233085,6993,47500,287578,47930,Tidak,Normal,94.9,Pertahankan pola pemakaian
USR-0867,7,79.6,Tidak_Ada,0,0,187,0.0,1.8,1.29,6.7,0.0,6,0.0,134.66,8.34,15.43,56.43,0.0,214.86,212.65,1.03,2.7,Sangat Hemat,186.93,1699.53,361399,10842,47500,419741,59963,Tidak,Normal,93.1,Pertahankan pola pemakaian
USR-0868,3,80.9,Bintang_1,0,890,145,6.9,6.7,0.64,8.0,0.0,3,184.35,104.23,28.45,7.71,28.85,0.0,353.6,367.15,3.83,4.37,Sangat Hemat,307.63,1699.53,623986,18720,47500,690205,230068,Tidak,Normal,73.5,Pertahankan pola pemakaian
USR-0869,5,90.7,Bintang_4,0,416,147,7.8,4.1,0.21,6.1,0.0,1,97.86,105.53,21.23,2.57,36.31,0.0,263.5,253.22,3.9,2.91,Sangat Hemat,229.25,1699.53,430361,12911,47500,490772,98154,Tidak,Normal,88.2,Pertahankan pola pemakaian
USR-0870,6,145.5,Bintang_4,0,404,159,6.1,1.7,0.43,5.2,0.0,2,73.76,114.38,8.27,5.14,37.32,0.0,238.86,383.16,60.41,1.64,Sangat Hemat,207.81,1699.53,651197,19536,47500,718233,119706,Ya,Anomal,91.1,Pertahankan pola pemakaian
USR-0871,2,67.7,Bintang_1,0,844,150,7.6,2.9,1.29,6.2,0.0,6,192.9,107.93,15.64,15.43,14.85,0.0,346.75,334.06,3.66,5.12,Sangat Hemat,301.67,1699.53,567751,17033,47500,632284,316142,Tidak,Normal,61.1,Pertahankan pola pemakaian
USR-0872,5,54.4,Bintang_4,1,391,138,7.3,0.7,0.86,6.9,0.56,4,85.89,99.45,2.9,10.29,41.63,5.84,245.99,373.42,51.8,4.52,Sangat Hemat,214.01,1699.53,634631,19039,47500,701170,140234,Ya,Anomal,89.0,Pertahankan pola pemakaian
USR-0873,2,44.4,Bintang_1,1,900,125,11.0,1.2,0.64,6.6,0.35,3,297.35,89.9,5.3,7.71,15.89,3.71,419.88,428.93,2.16,9.45,Sangat Hemat,365.29,1699.53,728979,21869,47500,798348,399174,Tidak,Normal,52.9,Pertahankan pola pemakaian
USR-0874,3,55.7,Bintang_4,0,400,153,5.2,1.7,0.86,8.7,0.0,4,62.12,110.43,9.48,10.29,31.48,0.0,223.79,335.82,50.06,4.01,Sangat Hemat,194.7,1699.53,570737,17122,47500,635359,211786,Ya,Anomal,83.2,Pertahankan pola pemakaian
USR-0875,1,71.2,Bintang_1,1,821,158,9.7,1.7,0.64,5.3,0.58,3,238.17,113.46,8.66,7.71,6.34,6.1,380.44,388.2,2.04,5.35,Sangat Hemat,330.98,1699.53,659762,19793,47500,727055,727055,Tidak,Normal,14.6,Pertahankan pola pemakaian
USR-0876,2,134.9,Bintang_4,0,449,164,5.3,5.6,0.86,6.3,0.0,4,71.88,118.01,24.45,10.29,15.01,0.0,239.63,231.0,3.6,1.78,Sangat Hemat,208.48,1699.53,392594,11778,47500,451872,225936,Tidak,Normal,73.1,Pertahankan pola pemakaian
USR-0877,3,60.1,Tidak_Ada,0,0,188,0.0,0.9,0.43,7.5,0.0,2,0.0,135.54,4.16,5.14,27.18,0.0,172.03,281.7,63.75,2.86,Sangat Hemat,149.66,1699.53,478749,14362,47500,540612,180204,Ya,Anomal,87.1,Pertahankan pola pemakaian
USR-0878,3,77.9,Bintang_4,0,395,107,8.8,1.2,1.5,7.5,0.0,7,104.53,76.7,5.39,18.0,26.95,0.0,231.56,231.69,0.06,2.97,Sangat Hemat,201.46,1699.53,393769,11813,47500,453082,151027,Tidak,Normal,82.7,Pertahankan pola pemakaian
USR-0879,6,71.6,Bintang_4,0,438,149,8.4,3.6,0.64,4.0,0.0,3,109.98,107.02,17.55,7.71,29.16,0.0,271.43,265.95,2.02,3.79,Sangat Hemat,236.14,1699.53,451985,13560,47500,513045,85508,Tidak,Normal,89.8,Pertahankan pola pemakaian
USR-0880,1,109.1,Tidak_Ada,0,0,174,0.0,3.1,0.86,6.0,0.0,4,0.0,125.16,17.61,10.29,7.2,0.0,160.25,154.03,3.88,1.47,Sangat Hemat,139.42,1699.53,261775,7853,47500,317129,317129,Tidak,Normal,64.0,Pertahankan pola pemakaian
USR-0881,5,174.4,Bintang_4,1,414,148,6.3,2.2,1.29,7.5,0.57,6,78.41,106.21,9.22,15.43,44.91,5.94,260.11,266.25,2.36,1.49,Sangat Hemat,226.3,1699.53,452494,13575,47500,513569,102714,Tidak,Normal,88.3,Pertahankan pola pemakaian
USR-0882,6,59.8,Bintang_4,0,392,103,7.9,9.3,0.86,8.9,0.0,4,92.94,74.33,36.51,10.29,64.01,0.0,278.07,432.78,55.64,4.65,Sangat Hemat,241.92,1699.53,735529,22066,47500,805095,134182,Ya,Anomal,89.6,Pertahankan pola pemakaian
USR-0883,6,60.7,Bintang_4,0,386,124,5.2,3.9,0.43,6.7,0.0,2,60.51,89.41,18.69,5.14,48.27,0.0,222.02,212.84,4.13,3.66,Sangat Hemat,193.15,1699.53,361722,10852,47500,420074,70012,Tidak,Normal,91.7,Pertahankan pola pemakaian
USR-0884,3,103.8,Bintang_4,1,345,157,6.7,5.7,1.29,5.6,0.52,6,69.33,112.73,22.74,15.43,20.28,5.45,245.96,252.67,2.73,2.37,Sangat Hemat,213.99,1699.53,429423,12883,47500,489806,163269,Tidak,Normal,81.6,Pertahankan pola pemakaian
USR-0885,4,91.4,Bintang_4,1,372,156,4.8,2.6,0.43,5.0,0.1,2,53.41,112.21,9.7,5.14,23.96,1.03,205.46,199.97,2.67,2.25,Sangat Hemat,178.75,1699.53,339854,10196,47500,397550,99388,Tidak,Normal,88.5,Pertahankan pola pemakaian
USR-0886,5,137.4,Tidak_Ada,1,0,163,0.0,2.0,0.64,8.2,0.15,3,0.0,117.68,10.58,7.71,49.31,1.58,186.87,191.29,2.36,1.36,Sangat Hemat,162.58,1699.53,325105,9753,47500,382359,76472,Tidak,Normal,91.6,Pertahankan pola pemakaian
USR-0887,4,88.3,Bintang_4,1,395,134,6.5,2.0,0.43,6.7,0.89,2,76.55,96.75,8.38,5.14,32.3,9.3,228.42,229.9,0.65,2.59,Sangat Hemat,198.72,1699.53,390724,11722,47500,449946,112487,Tidak,Normal,87.2,Pertahankan pola pemakaian
USR-0888,4,63.5,Bintang_4,1,419,155,3.9,4.7,0.86,5.2,0.5,4,49.22,111.74,13.37,10.29,24.73,5.25,214.59,208.04,3.05,3.38,Sangat Hemat,186.69,1699.53,353564,10607,47500,411671,102918,Tidak,Normal,88.0,Pertahankan pola pemakaian
USR-0889,4,88.5,Bintang_1,0,848,131,11.0,4.3,1.29,5.8,0.0,6,279.9,94.38,22.74,15.43,27.82,0.0,440.28,421.63,4.24,4.97,Sangat Hemat,383.04,1699.53,716572,21497,47500,785569,196392,Tidak,Normal,75.3,Pertahankan pola pemakaian
USR-0890,4,106.1,Bintang_1,0,756,155,11.1,2.4,0.43,6.3,0.0,2,251.86,111.74,9.79,5.14,30.29,0.0,408.83,412.64,0.93,3.85,Sangat Hemat,355.68,1699.53,701293,21039,47500,769832,192458,Tidak,Normal,77.0,Pertahankan pola pemakaian
USR-0891,5,96.0,Tidak_Ada,0,0,151,0.0,3.6,0.43,6.5,0.0,2,0.0,108.77,18.11,5.14,39.26,0.0,171.28,231.51,35.16,1.79,Sangat Hemat,149.01,1699.53,393454,11804,47500,452758,90552,Ya,Anomal,92.3,Pertahankan pola pemakaian
USR-0892,2,86.0,Bintang_4,1,475,134,8.2,4.8,1.29,5.1,0.41,6,116.23,96.18,26.52,15.43,12.24,4.3,270.89,410.64,51.59,3.15,Sangat Hemat,235.68,1699.53,697891,20937,47500,766328,383164,Ya,Anomal,69.6,Pertahankan pola pemakaian
USR-0893,3,104.6,Bintang_1,0,840,181,13.0,1.9,0.43,5.4,0.0,2,326.51,130.44,9.05,5.14,19.39,0.0,490.53,500.45,2.02,4.69,Sangat Hemat,426.76,1699.53,850530,25516,47500,923546,307849,Tidak,Normal,63.3,Pertahankan pola pemakaian
USR-0894,2,108.4,Bintang_4,0,404,116,6.7,2.2,0.21,4.3,0.0,1,81.57,83.44,5.9,2.57,10.43,0.0,183.92,184.63,0.39,1.7,Sangat Hemat,160.01,1699.53,313790,9414,47500,370703,185352,Tidak,Normal,79.3,Pertahankan pola pemakaian
USR-0895,1,116.8,Bintang_4,0,425,147,7.0,3.6,1.29,7.0,0.0,6,89.63,105.96,9.71,15.43,8.45,0.0,229.18,225.2,1.74,1.96,Sangat Hemat,199.39,1699.53,382736,11482,47500,441718,441718,Tidak,Normal,48.5,Pertahankan pola pemakaian
USR-0896,8,90.4,Tidak_Ada,0,0,133,0.0,0.9,0.86,5.7,0.0,4,0.0,95.86,3.62,10.29,54.32,0.0,164.09,164.73,0.39,1.82,Sangat Hemat,142.76,1699.53,279967,8399,47500,335866,41983,Tidak,Normal,95.4,Pertahankan pola pemakaian
USR-0897,1,67.9,Bintang_4,0,438,187,5.4,3.6,0.86,6.5,0.0,4,70.39,134.41,15.99,10.29,7.76,0.0,238.84,241.03,0.92,3.52,Sangat Hemat,207.79,1699.53,409641,12289,47500,469430,469430,Tidak,Normal,46.4,Pertahankan pola pemakaian
USR-0898,10,75.8,Tidak_Ada,0,0,162,0.0,1.4,0.43,7.4,0.0,2,0.0,116.62,7.72,5.14,89.07,0.0,218.55,219.98,0.65,2.88,Sangat Hemat,190.14,1699.53,373857,11216,47500,432572,43257,Tidak,Normal,95.1,Pertahankan pola pemakaian
USR-0899,5,109.8,Bintang_1,0,876,137,8.0,4.8,0.21,6.2,0.0,1,210.06,98.65,22.78,2.57,37.32,0.0,371.38,376.68,1.43,3.38,Sangat Hemat,323.1,1699.53,640171,19205,47500,706876,141375,Tidak,Normal,83.3,Pertahankan pola pemakaian
USR-0900,6,54.1,Tidak_Ada,1,0,144,0.0,9.9,0.86,5.9,0.67,4,0.0,103.97,67.61,10.29,42.39,7.05,231.3,241.48,4.4,4.28,Sangat Hemat,201.23,1699.53,410409,12312,47500,470222,78370,Tidak,Normal,91.3,Pertahankan pola pemakaian
USR-0901,3,81.9,Tidak_Ada,0,0,187,0.0,1.8,1.07,6.2,0.0,5,0.0,134.8,5.65,12.86,22.3,0.0,175.61,173.65,1.11,2.14,Sangat Hemat,152.78,1699.53,295130,8854,47500,351483,117161,Tidak,Normal,86.9,Pertahankan pola pemakaian
USR-0902,6,62.7,Bintang_4,0,341,131,5.9,1.2,1.07,6.1,0.0,5,60.2,94.37,5.57,12.86,43.65,0.0,216.66,212.35,1.99,3.45,Sangat Hemat,188.49,1699.53,360899,10827,47500,419226,69871,Tidak,Normal,91.9,Pertahankan pola pemakaian
USR-0903,4,72.7,Bintang_1,1,886,115,8.2,2.4,0.43,7.2,0.38,2,218.85,82.59,10.0,5.14,34.78,3.98,355.35,338.95,4.62,4.89,Sangat Hemat,309.16,1699.53,576059,17282,47500,640841,160210,Tidak,Normal,80.0,Pertahankan pola pemakaian
USR-0904,3,112.6,Bintang_4,0,412,156,6.3,2.3,0.43,6.3,0.0,2,78.22,112.19,10.92,5.14,22.72,0.0,229.19,221.1,3.53,2.03,Sangat Hemat,199.4,1699.53,375769,11273,47500,434542,144847,Tidak,Normal,82.8,Pertahankan pola pemakaian
USR-0905,1,77.0,Bintang_1,0,865,156,5.3,4.0,0.64,5.5,0.0,3,138.76,112.52,24.55,7.71,6.55,0.0,290.1,278.67,3.94,3.77,Sangat Hemat,252.38,1699.53,473613,14208,47500,535322,535322,Tidak,Normal,34.9,Pertahankan pola pemakaian
USR-0906,5,73.2,Bintang_1,0,841,163,11.0,3.1,1.5,7.0,0.0,7,277.54,117.59,19.19,18.0,42.29,0.0,474.6,466.79,1.65,6.49,Sangat Hemat,412.9,1699.53,793323,23800,47500,864622,172924,Tidak,Normal,78.7,Pertahankan pola pemakaian
USR-0907,8,44.7,Bintang_1,1,867,163,10.2,2.3,0.64,7.2,0.6,3,264.62,117.69,10.35,7.71,69.41,6.34,476.12,481.36,1.1,10.64,Sangat Hemat,414.23,1699.53,818088,24543,47500,890130,111266,Tidak,Normal,86.6,Pertahankan pola pemakaian
USR-0908,2,93.5,Tidak_Ada,1,0,185,0.0,2.9,1.07,4.7,0.58,5,0.0,133.5,15.14,12.86,11.19,6.11,178.8,170.69,4.54,1.91,Sangat Hemat,155.55,1699.53,290086,8703,47500,346288,173144,Tidak,Normal,79.9,Pertahankan pola pemakaian
USR-0909,3,90.3,Bintang_1,0,855,116,9.5,1.4,0.86,7.5,0.0,4,244.03,83.26,6.51,10.29,27.12,0.0,371.2,379.65,2.28,4.11,Sangat Hemat,322.95,1699.53,645235,19357,47500,712092,237364,Tidak,Normal,72.2,Pertahankan pola pemakaian
USR-0910,6,153.5,Tidak_Ada,0,0,126,0.0,4.5,0.43,6.4,0.0,2,0.0,90.68,15.79,5.14,45.83,0.0,157.44,239.12,51.88,1.03,Sangat Hemat,136.97,1699.53,406385,12192,47500,466076,77679,Ya,Anomal,94.1,Pertahankan pola pemakaian
USR-0911,1,64.6,Tidak_Ada,0,0,163,0.0,7.2,0.0,6.3,0.0,0,0.0,117.54,32.39,0.0,7.54,0.0,157.46,164.76,4.64,2.44,Sangat Hemat,136.99,1699.53,280014,8400,47500,335914,335914,Tidak,Normal,64.6,Pertahankan pola pemakaian
USR-0912,5,77.7,Tidak_Ada,0,0,128,0.0,1.3,0.86,7.0,0.0,4,0.0,92.08,5.36,10.29,42.04,0.0,149.76,150.79,0.68,1.93,Sangat Hemat,130.3,1699.53,256270,7688,47500,311458,62292,Tidak,Normal,93.3,Pertahankan pola pemakaian
USR-0913,5,78.6,Bintang_1,0,843,121,7.7,1.1,0.0,5.4,0.0,0,194.22,87.03,4.68,0.0,32.6,0.0,318.52,327.17,2.71,4.05,Sangat Hemat,277.11,1699.53,556028,16681,47500,620209,124042,Tidak,Normal,85.7,Pertahankan pola pemakaian
USR-0914,7,125.1,Bintang_1,0,823,187,9.6,2.1,0.21,7.0,0.0,1,237.12,134.87,7.97,2.57,58.41,0.0,440.95,456.87,3.61,3.53,Sangat Hemat,383.62,1699.53,776469,23294,47500,847263,121038,Tidak,Normal,85.9,Pertahankan pola pemakaian
USR-0915,5,69.6,Bintang_4,0,429,118,6.1,1.3,0.21,5.6,0.0,1,78.23,84.67,6.06,2.57,33.74,0.0,205.27,328.88,60.21,2.95,Sangat Hemat,178.59,1699.53,558934,16768,47500,623202,124640,Ya,Anomal,90.8,Pertahankan pola pemakaian
USR-0916,1,79.4,Bintang_1,0,907,143,8.6,1.3,1.29,4.5,0.0,6,232.92,102.94,6.04,15.43,5.43,0.0,362.75,593.35,63.57,4.57,Sangat Hemat,315.59,1699.53,1008408,30252,47500,1086160,1086160,Ya,Anomal,18.5,Pertahankan pola pemakaian
USR-0917,4,89.1,Bintang_4,0,349,149,6.8,1.2,0.43,5.0,0.0,2,71.15,107.15,6.02,5.14,24.01,0.0,213.47,211.27,1.03,2.4,Sangat Hemat,185.72,1699.53,359052,10772,47500,417323,104331,Tidak,Normal,88.0,Pertahankan pola pemakaian
USR-0918,6,76.9,Tidak_Ada,1,0,176,0.0,2.4,1.5,6.6,0.56,7,0.0,126.85,11.57,18.0,47.28,5.86,209.56,210.83,0.61,2.73,Sangat Hemat,182.32,1699.53,358314,10749,47500,416563,69427,Tidak,Normal,92.2,Pertahankan pola pemakaian
USR-0919,1,61.6,Bintang_1,0,807,113,4.8,2.1,0.86,5.1,0.0,4,116.31,81.09,12.68,10.29,6.07,0.0,226.43,224.21,0.98,3.68,Sangat Hemat,196.99,1699.53,381051,11432,47500,439983,439983,Tidak,Normal,49.2,Pertahankan pola pemakaian
USR-0920,1,77.1,Bintang_4,0,386,158,10.6,3.4,1.29,7.6,0.0,6,123.26,113.98,22.01,15.43,9.13,0.0,283.82,276.46,2.59,3.68,Sangat Hemat,246.92,1699.53,469846,14095,47500,531441,531441,Tidak,Normal,36.3,Pertahankan pola pemakaian
USR-0921,2,104.8,Tidak_Ada,0,0,132,0.0,1.9,1.07,7.2,0.0,5,0.0,95.18,8.02,12.86,17.25,0.0,133.31,130.96,1.76,1.27,Sangat Hemat,115.98,1699.53,222574,6677,47500,276752,138376,Tidak,Normal,85.0,Pertahankan pola pemakaian
USR-0922,6,50.3,Bintang_4,0,347,163,7.3,1.3,0.21,7.3,0.0,1,76.36,117.04,7.04,2.57,52.8,0.0,255.81,248.98,2.67,5.09,Sangat Hemat,222.56,1699.53,423142,12694,47500,483336,80556,Tidak,Normal,90.4,Pertahankan pola pemakaian
USR-0923,4,75.4,Bintang_4,0,363,132,6.1,2.7,0.86,6.1,0.0,4,66.38,94.94,17.23,10.29,29.4,0.0,218.23,213.2,2.31,2.89,Sangat Hemat,189.86,1699.53,362343,10870,47500,420714,105178,Tidak,Normal,87.7,Pertahankan pola pemakaian
USR-0924,5,56.4,Tidak_Ada,0,0,181,0.0,1.4,0.64,6.3,0.0,3,0.0,130.64,7.77,7.71,37.55,0.0,183.68,176.21,4.06,3.26,Sangat Hemat,159.8,1699.53,299476,8984,47500,355960,71192,Tidak,Normal,91.8,Pertahankan pola pemakaian
USR-0925,8,109.4,Bintang_1,0,848,132,8.7,3.7,1.07,4.8,0.0,5,222.01,95.03,19.02,12.86,46.14,0.0,395.06,392.15,0.74,3.61,Sangat Hemat,343.7,1699.53,666474,19994,47500,733968,91746,Tidak,Normal,88.9,Pertahankan pola pemakaian
USR-0926,5,42.2,Bintang_4,0,444,101,6.5,1.0,0.21,7.0,0.0,1,85.93,72.55,2.86,2.57,41.97,0.0,205.88,200.43,2.65,4.87,Sangat Hemat,179.12,1699.53,340638,10219,47500,398357,79671,Tidak,Normal,90.8,Pertahankan pola pemakaian
USR-0927,6,59.2,Bintang_4,1,401,134,7.3,0.7,0.64,6.4,0.29,3,87.61,96.64,2.96,7.71,45.93,3.09,243.96,242.7,0.52,4.12,Sangat Hemat,212.24,1699.53,412476,12374,47500,472350,78725,Tidak,Normal,90.9,Pertahankan pola pemakaian
USR-0928,3,82.2,Tidak_Ada,1,0,145,0.0,1.0,1.07,6.6,0.47,5,0.0,104.24,4.27,12.86,23.64,4.96,149.97,154.35,2.92,1.83,Sangat Hemat,130.47,1699.53,262321,7870,47500,317691,105897,Tidak,Normal,88.8,Pertahankan pola pemakaian
USR-0929,3,124.5,Bintang_4,0,362,172,7.3,2.1,0.64,7.7,0.0,3,79.11,123.59,12.16,7.71,27.68,0.0,250.24,248.95,0.52,2.01,Sangat Hemat,217.71,1699.53,423093,12693,47500,483286,161095,Tidak,Normal,81.3,Pertahankan pola pemakaian
USR-0930,4,70.4,Bintang_4,0,433,125,7.3,2.3,0.0,5.4,0.0,0,94.9,89.88,8.79,0.0,25.89,0.0,219.46,229.44,4.55,3.12,Sangat Hemat,190.93,1699.53,389935,11698,47500,449133,112283,Tidak,Normal,87.7,Pertahankan pola pemakaian
USR-0931,4,59.3,Bintang_4,0,366,125,7.6,3.0,0.43,5.9,0.0,2,83.17,90.16,13.05,5.14,28.19,0.0,219.72,211.98,3.52,3.71,Sangat Hemat,191.16,1699.53,360273,10808,47500,418582,104645,Tidak,Normal,87.7,Pertahankan pola pemakaian
USR-0932,5,139.1,Bintang_1,0,812,169,9.2,1.9,0.43,6.3,0.0,2,222.98,121.83,10.18,5.14,37.96,0.0,398.1,412.04,3.5,2.86,Sangat Hemat,346.34,1699.53,700276,21008,47500,768784,153757,Tidak,Normal,82.1,Pertahankan pola pemakaian
USR-0933,4,43.4,Bintang_4,1,388,122,4.5,1.6,0.64,5.1,0.74,3,52.45,88.2,6.22,7.71,24.31,7.78,186.67,181.97,2.52,4.3,Sangat Hemat,162.4,1699.53,309264,9278,47500,366042,91510,Tidak,Normal,89.5,Pertahankan pola pemakaian
USR-0934,5,33.4,Bintang_4,0,405,146,4.8,6.4,0.86,5.8,0.0,4,57.75,105.42,30.52,10.29,34.87,0.0,238.85,249.22,4.34,7.16,Sangat Hemat,207.8,1699.53,423556,12707,47500,483762,96752,Tidak,Normal,89.3,Pertahankan pola pemakaian
USR-0935,3,84.0,Bintang_1,0,948,147,11.8,5.5,0.86,6.5,0.0,4,336.67,105.72,25.4,10.29,23.37,0.0,501.44,487.76,2.73,5.97,Sangat Hemat,436.26,1699.53,828964,24869,47500,901333,300444,Tidak,Normal,62.5,Pertahankan pola pemakaian
USR-0936,1,60.4,Bintang_4,1,421,154,4.2,4.9,0.64,5.7,0.5,3,52.98,111.13,25.98,7.71,6.81,5.3,209.91,215.1,2.47,3.48,Sangat Hemat,182.62,1699.53,365563,10967,47500,424030,424030,Tidak,Normal,52.9,Pertahankan pola pemakaian
USR-0937,3,50.4,Bintang_4,1,392,135,6.0,3.3,0.0,7.3,0.13,0,70.06,97.2,16.66,0.0,26.31,1.39,211.63,202.36,4.38,4.2,Sangat Hemat,184.12,1699.53,343919,10318,47500,401737,133912,Tidak,Normal,84.2,Pertahankan pola pemakaian
USR-0938,3,92.3,Bintang_4,0,432,131,4.9,3.4,0.43,4.5,0.0,2,64.06,94.65,17.38,5.14,16.16,0.0,197.4,199.96,1.3,2.14,Sangat Hemat,171.73,1699.53,339834,10195,47500,397529,132510,Tidak,Normal,85.2,Pertahankan pola pemakaian
USR-0939,3,78.4,Bintang_1,0,830,157,11.7,1.7,0.43,7.1,0.0,2,291.4,112.82,7.85,5.14,25.64,0.0,442.86,430.4,2.81,5.65,Sangat Hemat,385.29,1699.53,731475,21944,47500,800919,266973,Tidak,Normal,66.8,Pertahankan pola pemakaian
USR-0940,6,59.1,Bintang_4,1,454,132,7.7,3.0,1.93,6.7,0.38,9,104.22,95.1,8.87,23.14,47.96,4.02,283.31,417.1,47.22,4.79,Sangat Hemat,246.48,1699.53,708873,21266,47500,777639,129606,Ya,Anomal,89.4,Pertahankan pola pemakaian
USR-0941,7,46.0,Bintang_1,0,854,123,11.9,1.5,0.64,5.4,0.0,3,305.09,88.42,7.15,7.71,45.62,0.0,454.0,460.16,1.36,9.87,Sangat Hemat,394.98,1699.53,782063,23462,47500,853025,121861,Tidak,Normal,85.4,Pertahankan pola pemakaian
USR-0942,5,97.7,Tidak_Ada,0,0,175,0.0,1.4,1.07,5.1,0.0,5,0.0,125.68,6.57,12.86,30.45,0.0,175.56,183.0,4.24,1.8,Sangat Hemat,152.74,1699.53,311020,9331,47500,367851,73570,Tidak,Normal,92.1,Pertahankan pola pemakaian
USR-0943,4,90.4,Tidak_Ada,0,0,160,0.0,1.0,0.64,3.9,0.0,3,0.0,115.03,5.35,7.71,18.81,0.0,146.9,148.76,1.27,1.63,Sangat Hemat,127.81,1699.53,252828,7585,47500,307913,76978,Tidak,Normal,91.8,Pertahankan pola pemakaian
USR-0944,2,69.5,Bintang_4,0,487,185,7.5,3.5,0.86,5.2,0.0,4,109.42,133.45,14.29,10.29,12.49,0.0,279.93,277.36,0.92,4.03,Sangat Hemat,243.54,1699.53,471387,14142,47500,533029,266515,Tidak,Normal,68.6,Pertahankan pola pemakaian
USR-0945,1,137.4,Bintang_4,0,424,166,8.2,3.0,0.43,7.0,0.0,2,104.46,119.29,13.61,5.14,8.46,0.0,250.96,243.27,3.06,1.83,Sangat Hemat,218.34,1699.53,413444,12403,47500,473347,473347,Tidak,Normal,43.6,Pertahankan pola pemakaian
USR-0946,4,49.5,Bintang_1,1,804,125,8.8,2.3,0.0,5.9,0.5,0,211.67,89.74,10.35,0.0,28.53,5.25,345.53,350.97,1.57,6.98,Sangat Hemat,300.61,1699.53,596486,17895,47500,661881,165470,Tidak,Normal,80.6,Pertahankan pola pemakaian
USR-0947,3,42.2,Bintang_4,1,392,152,8.7,2.1,0.21,7.2,1.09,1,102.11,109.39,8.09,2.57,25.79,11.4,259.34,249.39,3.84,6.14,Sangat Hemat,225.63,1699.53,423854,12716,47500,484069,161356,Tidak,Normal,80.6,Pertahankan pola pemakaian
USR-0948,5,56.5,Bintang_4,0,393,130,7.2,0.9,0.0,5.4,0.0,0,85.35,93.37,3.14,0.0,32.28,0.0,214.15,221.18,3.29,3.79,Sangat Hemat,186.31,1699.53,375909,11277,47500,434687,86937,Tidak,Normal,90.4,Pertahankan pola pemakaian
USR-0949,3,70.9,Bintang_1,0,816,117,7.0,3.2,0.43,6.7,0.0,2,171.15,84.22,15.36,5.14,24.15,0.0,300.01,292.43,2.53,4.23,Sangat Hemat,261.01,1699.53,496994,14910,47500,559404,186468,Tidak,Normal,77.5,Pertahankan pola pemakaian
USR-0950,4,78.4,Bintang_4,0,427,141,5.9,2.2,1.07,5.3,0.0,5,75.39,101.56,12.16,12.86,25.36,0.0,227.32,227.87,0.24,2.9,Sangat Hemat,197.77,1699.53,387276,11618,47500,446394,111598,Tidak,Normal,87.2,Pertahankan pola pemakaian
USR-0951,6,66.2,Bintang_4,0,387,170,9.0,4.7,0.64,5.0,0.0,3,104.8,122.13,18.32,7.71,36.25,0.0,289.22,291.99,0.96,4.37,Sangat Hemat,251.62,1699.53,496249,14887,47500,558637,93106,Tidak,Normal,89.2,Pertahankan pola pemakaian
USR-0952,3,81.4,Bintang_1,0,811,155,7.7,3.0,0.64,5.9,0.0,3,186.93,111.96,12.77,7.71,21.21,0.0,340.59,335.91,1.38,4.18,Sangat Hemat,296.32,1699.53,570889,17127,47500,635516,211839,Tidak,Normal,74.5,Pertahankan pola pemakaian
USR-0953,3,46.5,Tidak_Ada,1,0,122,0.0,4.2,0.43,5.3,0.57,2,0.0,87.97,21.78,5.14,19.21,6.01,140.11,142.41,1.64,3.02,Sangat Hemat,121.9,1699.53,242027,7261,47500,296787,98929,Tidak,Normal,89.5,Pertahankan pola pemakaian
USR-0954,4,119.3,Bintang_1,0,909,140,11.0,2.7,0.21,4.5,0.0,1,298.66,101.05,14.44,2.57,21.39,0.0,438.12,427.18,2.5,3.67,Sangat Hemat,381.17,1699.53,726001,21780,47500,795281,198820,Tidak,Normal,75.4,Pertahankan pola pemakaian
USR-0955,5,70.0,Bintang_1,1,815,147,8.5,3.0,0.64,5.8,0.68,3,206.97,105.94,14.27,7.71,34.91,7.15,376.95,359.41,4.65,5.39,Sangat Hemat,327.95,1699.53,610831,18325,47500,676656,135331,Tidak,Normal,83.1,Pertahankan pola pemakaian
USR-0956,5,106.5,Tidak_Ada,0,0,116,0.0,4.8,0.43,6.1,0.0,2,0.0,83.68,23.16,5.14,36.64,0.0,148.62,155.44,4.59,1.4,Sangat Hemat,129.3,1699.53,264178,7925,47500,319603,63921,Tidak,Normal,93.3,Pertahankan pola pemakaian
USR-0957,4,81.2,Tidak_Ada,1,0,164,0.0,2.4,0.43,7.3,0.57,2,0.0,118.27,12.06,5.14,34.89,5.95,176.31,261.51,48.32,2.17,Sangat Hemat,153.39,1699.53,444440,13333,47500,505274,126318,Ya,Anomal,90.1,Pertahankan pola pemakaian
USR-0958,8,84.5,Tidak_Ada,1,0,145,0.0,3.6,0.64,6.9,0.52,3,0.0,104.71,18.54,7.71,66.59,5.46,203.02,207.36,2.13,2.4,Sangat Hemat,176.63,1699.53,352407,10572,47500,410479,51310,Tidak,Normal,94.3,Pertahankan pola pemakaian
USR-0959,6,87.9,Bintang_4,1,453,122,5.9,2.1,0.21,7.2,0.16,1,80.16,87.98,7.37,2.57,51.98,1.72,231.78,231.95,0.08,2.64,Sangat Hemat,201.64,1699.53,394206,11826,47500,453532,75589,Tidak,Normal,91.3,Pertahankan pola pemakaian
USR-0960,4,84.2,Bintang_1,0,854,121,10.5,2.5,0.0,6.7,0.0,0,269.78,87.16,15.64,0.0,32.26,0.0,404.84,668.71,65.18,4.81,Sangat Hemat,352.21,1699.53,1136493,34095,47500,1218088,304522,Ya,Anomal,77.3,Pertahankan pola pemakaian
USR-0961,3,90.2,Tidak_Ada,1,0,172,0.0,7.1,0.64,6.3,0.27,3,0.0,123.85,33.57,7.71,22.8,2.85,190.78,183.35,3.89,2.12,Sangat Hemat,165.98,1699.53,311616,9348,47500,368464,122821,Tidak,Normal,85.7,Pertahankan pola pemakaian
USR-0962,3,114.6,Bintang_4,0,407,142,4.5,4.0,0.64,4.8,0.0,3,54.84,102.52,20.59,7.71,17.18,0.0,202.83,203.22,0.19,1.77,Sangat Hemat,176.47,1699.53,345372,10361,47500,403233,134411,Tidak,Normal,84.8,Pertahankan pola pemakaian
USR-0963,4,77.1,Tidak_Ada,0,0,174,0.0,2.0,1.07,6.1,0.0,5,0.0,125.14,7.49,12.86,29.52,0.0,175.01,173.12,1.08,2.27,Sangat Hemat,152.26,1699.53,294229,8827,47500,350556,87639,Tidak,Normal,90.2,Pertahankan pola pemakaian
USR-0964,4,92.3,Bintang_1,0,767,181,8.6,3.5,0.43,6.6,0.0,2,197.1,130.64,15.18,5.14,31.66,0.0,379.73,377.9,0.48,4.11,Sangat Hemat,330.36,1699.53,642247,19267,47500,709015,177254,Tidak,Normal,78.7,Pertahankan pola pemakaian
USR-0965,3,69.8,Bintang_1,0,859,170,9.3,1.3,0.64,7.5,0.0,3,240.29,122.72,6.1,7.71,26.85,0.0,403.68,422.5,4.66,5.79,Sangat Hemat,351.2,1699.53,718053,21542,47500,787095,262365,Tidak,Normal,69.8,Pertahankan pola pemakaian
USR-0966,4,119.2,Tidak_Ada,0,0,139,0.0,2.4,0.64,6.7,0.0,3,0.0,100.32,6.85,7.71,32.09,0.0,146.97,141.63,3.64,1.23,Sangat Hemat,127.87,1699.53,240701,7221,47500,295422,73855,Tidak,Normal,91.7,Pertahankan pola pemakaian
USR-0967,3,56.8,Bintang_4,0,432,100,7.9,1.5,0.43,7.2,0.0,2,102.46,72.03,5.66,5.14,26.07,0.0,211.36,347.92,64.61,3.72,Sangat Hemat,183.88,1699.53,591304,17739,47500,656544,218848,Ya,Anomal,84.2,Pertahankan pola pemakaian
USR-0968,5,135.2,Bintang_4,0,410,156,6.9,3.6,1.29,5.0,0.0,6,85.09,112.51,13.72,15.43,29.81,0.0,256.55,252.19,1.7,1.9,Sangat Hemat,223.19,1699.53,428609,12858,47500,488967,97793,Tidak,Normal,88.5,Pertahankan pola pemakaian
USR-0969,2,71.0,Bintang_4,0,433,192,6.9,2.4,1.07,5.7,0.0,5,89.45,138.12,8.13,12.86,13.62,0.0,262.17,256.67,2.1,3.69,Sangat Hemat,228.09,1699.53,436223,13087,47500,496810,248405,Tidak,Normal,70.6,Pertahankan pola pemakaian
USR-0970,6,43.6,Bintang_1,0,790,149,11.0,3.2,0.64,6.4,0.0,3,260.07,107.49,14.81,7.71,46.29,0.0,436.37,426.37,2.29,10.0,Sangat Hemat,379.65,1699.53,724632,21739,47500,793871,132312,Tidak,Normal,83.7,Pertahankan pola pemakaian
USR-0971,5,75.3,Bintang_4,0,419,110,10.8,4.3,0.21,7.2,0.0,1,135.36,79.35,19.18,2.57,42.97,0.0,279.42,275.2,1.51,3.71,Sangat Hemat,243.1,1699.53,467709,14031,47500,529240,105848,Tidak,Normal,87.4,Pertahankan pola pemakaian
USR-0972,1,56.7,Bintang_1,0,803,137,9.4,2.1,0.64,5.9,0.0,3,226.57,98.28,11.92,7.71,7.03,0.0,351.51,346.49,1.43,6.2,Sangat Hemat,305.82,1699.53,588872,17666,47500,654038,654038,Tidak,Normal,21.1,Pertahankan pola pemakaian
USR-0973,5,96.6,Bintang_1,0,840,146,10.1,2.1,0.86,5.9,0.0,4,255.26,105.35,7.36,10.29,35.51,0.0,413.76,404.28,2.29,4.28,Sangat Hemat,359.97,1699.53,687079,20612,47500,755192,151038,Tidak,Normal,81.4,Pertahankan pola pemakaian
USR-0974,4,57.3,Tidak_Ada,0,0,128,0.0,2.7,0.43,6.7,0.0,2,0.0,92.19,12.53,5.14,32.1,0.0,141.96,198.34,39.72,2.48,Sangat Hemat,123.5,1699.53,337086,10113,47500,394699,98675,Ya,Anomal,92.0,Pertahankan pola pemakaian
USR-0975,1,61.6,Bintang_1,0,789,99,5.5,1.6,0.43,4.9,0.0,2,129.97,71.08,6.01,5.14,5.85,0.0,218.06,208.2,4.52,3.54,Sangat Hemat,189.71,1699.53,353835,10615,47500,411950,411950,Tidak,Normal,51.0,Pertahankan pola pemakaian
USR-0976,5,37.2,Tidak_Ada,1,0,148,0.0,2.7,0.64,7.6,0.51,3,0.0,106.59,7.98,7.71,45.64,5.36,173.29,170.38,1.68,4.66,Sangat Hemat,150.76,1699.53,289572,8687,47500,345759,69152,Tidak,Normal,92.2,Pertahankan pola pemakaian
USR-0977,4,61.5,Bintang_4,1,408,134,5.6,2.8,0.43,5.1,0.51,2,69.0,96.7,14.02,5.14,24.58,5.38,214.82,210.1,2.2,3.5,Sangat Hemat,186.89,1699.53,357067,10712,47500,415279,103820,Tidak,Normal,87.9,Pertahankan pola pemakaian
USR-0978,6,30.8,Bintang_1,0,917,185,9.5,3.1,0.21,4.1,0.0,1,260.14,133.53,15.92,2.57,29.39,0.0,441.54,452.64,2.51,14.32,Sangat Hemat,384.14,1699.53,769282,23078,47500,839860,139977,Tidak,Normal,83.5,Pertahankan pola pemakaian
USR-0979,1,41.4,Bintang_4,0,390,152,6.5,3.5,0.21,6.0,0.0,1,76.56,109.45,17.47,2.57,7.21,0.0,213.27,205.73,3.54,5.16,Sangat Hemat,185.54,1699.53,349641,10489,47500,407630,407630,Tidak,Normal,52.1,Pertahankan pola pemakaian
USR-0980,2,94.0,Bintang_4,1,396,159,6.4,1.0,0.64,7.7,0.84,3,76.38,114.76,3.44,7.71,18.48,8.84,229.62,239.74,4.41,2.44,Sangat Hemat,199.77,1699.53,407445,12223,47500,467168,233584,Tidak,Normal,74.2,Pertahankan pola pemakaian
USR-0981,2,94.8,Tidak_Ada,0,0,148,0.0,1.3,0.64,6.6,0.0,3,0.0,106.29,5.75,7.71,15.81,0.0,135.56,131.09,3.29,1.43,Sangat Hemat,117.94,1699.53,222796,6684,47500,276980,138490,Tidak,Normal,84.8,Pertahankan pola pemakaian
USR-0982,3,83.6,Tidak_Ada,0,0,152,0.0,1.3,0.64,6.8,0.0,3,0.0,109.35,6.8,7.71,24.3,0.0,148.17,146.24,1.3,1.77,Sangat Hemat,128.9,1699.53,248540,7456,47500,303496,101165,Tidak,Normal,88.9,Pertahankan pola pemakaian
USR-0983,3,51.3,Bintang_1,0,827,117,6.8,2.9,0.0,6.0,0.0,0,168.04,84.21,15.39,0.0,21.75,0.0,289.39,280.7,3.0,5.64,Sangat Hemat,251.77,1699.53,477063,14312,47500,538875,179625,Tidak,Normal,78.3,Pertahankan pola pemakaian
USR-0984,1,70.8,Bintang_4,0,423,129,5.9,2.3,0.86,5.8,0.0,4,74.39,93.02,11.61,10.29,7.02,0.0,196.32,192.13,2.13,2.77,Sangat Hemat,170.8,1699.53,326536,9796,47500,383832,383832,Tidak,Normal,55.9,Pertahankan pola pemakaian
USR-0985,3,71.9,Tidak_Ada,0,0,172,0.0,0.7,0.64,4.5,0.0,3,0.0,123.68,3.74,7.71,16.04,0.0,151.17,155.12,2.61,2.1,Sangat Hemat,131.52,1699.53,263627,7909,47500,319036,106345,Tidak,Normal,88.7,Pertahankan pola pemakaian
USR-0986,3,48.0,Tidak_Ada,0,0,154,0.0,8.7,1.07,3.7,0.0,5,0.0,111.02,47.74,12.86,13.47,0.0,185.08,184.64,0.24,3.86,Sangat Hemat,161.02,1699.53,313808,9414,47500,370722,123574,Tidak,Normal,86.1,Pertahankan pola pemakaian
USR-0987,3,121.9,Tidak_Ada,0,0,142,0.0,0.8,1.71,6.2,0.0,8,0.0,102.26,3.79,20.57,22.31,0.0,148.93,143.9,3.37,1.22,Sangat Hemat,129.57,1699.53,244564,7337,47500,299401,99800,Tidak,Normal,88.9,Pertahankan pola pemakaian
USR-0988,2,97.9,Bintang_1,0,859,160,6.2,2.8,0.64,7.3,0.0,3,160.08,115.0,13.7,7.71,17.55,0.0,314.04,299.81,4.53,3.21,Sangat Hemat,273.22,1699.53,509528,15286,47500,572314,286157,Tidak,Normal,64.7,Pertahankan pola pemakaian
USR-0989,3,66.6,Tidak_Ada,0,0,160,0.0,3.8,0.43,6.3,0.0,2,0.0,115.28,20.58,5.14,22.84,0.0,163.85,159.42,2.7,2.46,Sangat Hemat,142.55,1699.53,270942,8128,47500,326571,108857,Tidak,Normal,87.7,Pertahankan pola pemakaian
USR-0990,6,72.7,Bintang_1,0,875,190,9.9,1.8,1.07,6.6,0.0,5,259.8,136.67,8.56,12.86,47.69,0.0,465.58,486.32,4.46,6.41,Sangat Hemat,405.05,1699.53,826519,24796,47500,898815,149803,Tidak,Normal,82.6,Pertahankan pola pemakaian
USR-0991,2,77.4,Bintang_4,0,407,153,6.8,4.0,0.64,7.6,0.0,3,83.05,110.35,22.26,7.71,18.2,0.0,241.58,249.92,3.45,3.12,Sangat Hemat,210.17,1699.53,424749,12742,47500,484992,242496,Tidak,Normal,72.9,Pertahankan pola pemakaian
USR-0992,4,35.2,Bintang_4,1,417,129,4.9,1.5,0.0,6.3,0.42,0,61.06,92.7,7.85,0.0,30.38,4.38,196.37,195.19,0.6,5.57,Sangat Hemat,170.84,1699.53,331734,9952,47500,389187,97297,Tidak,Normal,89.0,Pertahankan pola pemakaian
USR-0993,4,66.0,Bintang_1,1,790,148,10.3,3.0,0.86,5.9,0.34,4,243.6,106.33,11.84,10.29,28.21,3.58,403.85,403.12,0.18,6.12,Sangat Hemat,351.35,1699.53,685111,20553,47500,753165,188291,Tidak,Normal,77.3,Pertahankan pola pemakaian
USR-0994,3,56.7,Tidak_Ada,0,0,162,0.0,0.7,0.21,5.2,0.0,1,0.0,116.75,2.44,2.57,18.65,0.0,140.42,146.02,3.99,2.48,Sangat Hemat,122.16,1699.53,248172,7445,47500,303117,101039,Tidak,Normal,89.5,Pertahankan pola pemakaian
USR-0995,4,50.7,Tidak_Ada,0,0,170,0.0,5.5,0.21,8.0,0.0,1,0.0,122.34,24.83,2.57,38.51,0.0,188.24,189.96,0.91,3.71,Sangat Hemat,163.77,1699.53,322844,9685,47500,380029,95007,Tidak,Normal,89.4,Pertahankan pola pemakaian
USR-0996,3,65.3,Tidak_Ada,0,0,118,0.0,2.7,0.43,6.5,0.0,2,0.0,84.74,9.35,5.14,23.5,0.0,122.73,127.4,3.81,1.88,Sangat Hemat,106.77,1699.53,216525,6496,47500,270520,90173,Tidak,Normal,90.8,Pertahankan pola pemakaian
USR-0997,3,135.1,Bintang_4,0,312,155,5.4,1.0,0.21,5.1,0.0,1,50.46,111.65,4.78,2.57,18.2,0.0,187.67,187.52,0.08,1.39,Sangat Hemat,163.27,1699.53,318689,9561,47500,375749,125250,Tidak,Normal,86.0,Pertahankan pola pemakaian
USR-0998,6,90.1,Bintang_1,0,880,132,9.7,4.0,0.64,4.8,0.0,3,256.31,95.08,17.81,7.71,34.77,0.0,411.68,571.77,38.89,4.57,Sangat Hemat,358.16,1699.53,971745,29152,47500,1048398,174733,Ya,Anomal,84.6,Pertahankan pola pemakaian
USR-0999,7,59.0,Bintang_1,1,922,139,11.9,7.2,1.07,7.3,0.67,5,329.73,99.84,41.04,12.86,60.93,7.03,551.43,563.89,2.26,9.35,Sangat Hemat,479.74,1699.53,958346,28750,47500,1034597,147800,Tidak,Normal,82.3,Pertahankan pola pemakaian
USR-1000,6,88.0,Bintang_4,0,406,167,3.9,1.6,0.86,5.0,0.0,4,47.67,120.18,7.72,10.29,35.73,0.0,221.59,222.18,0.26,2.52,Sangat Hemat,192.79,1699.53,377599,11328,47500,436427,72738,Tidak,Normal,91.7,Pertahankan pola pemakaian
